imageurl	articleurl
https://pacific-saas.bloomreach.io/delivery/resources/content/gallery/pacific-home/articles/minimalist-home-decoration-ideas-16.jpg	/site/pacifichome/articles/16-beautiful-minimalist-home-decoration-ideas
https://pacific-saas.bloomreach.io/delivery/resources/content/gallery/pacific-home/articles/high-resolution/10.-bathroom-storage.jpg	/site/pacifichome/articles/bathroom/15-bathroom-storage-ideas
https://pacific-saas.bloomreach.io/delivery/resources/content/gallery/pacific-home/articles/high-resolution/8.-bathroom.jpg	/site/pacifichome/articles/bathroom/19-of-the-most-creative-bathroom-storage-solutions-weve-seen
https://pacific-saas.bloomreach.io/delivery/resources/content/gallery/pacific-home/articles/2-los-angeles.jpg	/site/pacifichome/articles/bathroom/20-stunning-contemporary-dark-wood-bathroom-vanity
https://pacific-saas.bloomreach.io/delivery/resources/content/gallery/pacific-home/articles/ikea-small-bathroom-storage.jpg	/site/pacifichome/articles/bathroom/25-amazing-ikea-small-bathroom-storage-ideas
https://pacific-saas.bloomreach.io/delivery/resources/content/gallery/pacific-home/articles/01-small-bathroom-storage-ideas-homebnc.jpg	/site/pacifichome/articles/bathroom/44-creative-storage-ideas-to-organize-your-small-bathroom
https://pacific-saas.bloomreach.io/delivery/resources/content/gallery/pacific-home/articles/spice-rack-storage-small-bathroom-1.jpg	/site/pacifichome/articles/bathroom/8-brilliant-storage-ideas-for-your-small-bathroom
https://pacific-saas.bloomreach.io/delivery/resources/content/gallery/pacific-home/articles/high-resolution/9.-small-bathroom.jpg	/site/pacifichome/articles/bathroom/asking-for-a-friend-small-bathroom-storage-ideas
https://pacific-saas.bloomreach.io/delivery/resources/content/gallery/pacific-home/articles/1-bathroom-storage-ideas.jpg	/site/pacifichome/articles/bathroom/bathroom-storage-ideas-7-cool-hacks-that-help-you-create-more-space
https://pacific-saas.bloomreach.io/delivery/resources/content/gallery/pacific-home/articles/bathroom-with-ample-storage.jpg	/site/pacifichome/articles/bathroom/cool-bathroom-storage-ideas
https://pacific-saas.bloomreach.io/delivery/resources/content/gallery/pacific-home/articles/glamarous-bathroom-vanity-with-mirrored-finish-and-a-hint-of-gold.jpg	/site/pacifichome/articles/bathroom/exquisite-contemporary-bathroom-vanities-with-space-savvy-style
https://pacific-saas.bloomreach.io/delivery/resources/content/gallery/pacific-home/articles/bathjoy-modern-bathroom-vanity.jpg	/site/pacifichome/articles/bathroom/the-top-5-best-bathroom-vanities-of-2019
https://pacific-saas.bloomreach.io/delivery/resources/content/gallery/pacific-home/articles/stocksy_txp879e81e8bkw200_medium_2601326-0027e8a94f254588b9d910c7f9dbd836.jpg	/site/pacifichome/articles/bathroom/this-is-the-one-bathroom-storage-idea-you-have-to-try
https://pacific-saas.bloomreach.io/delivery/resources/content/gallery/pacific-home/articles/roca-vanity-stratum.jpg	/site/pacifichome/articles/bathroom/wooden-bathroom-vanity-for-a-contemporary-bathroom-interior
https://pacific-saas.bloomreach.io/delivery/resources/content/gallery/pacific-home/articles/minimal-and-elegant-wall-mounted-wooden-nightstand.jpg	/site/pacifichome/articles/bedroom/10-easy-diy-nightstands-in-wood-to-complete-your-bedroom
https://pacific-saas.bloomreach.io/delivery/resources/content/gallery/pacific-home/articles/country-modern-bedroom-with-wooden-bed-frame.jpg	/site/pacifichome/articles/bedroom/10-rustic-and-modern-wooden-bed-frames-for-a-stylish-bedroom
https://pacific-saas.bloomreach.io/delivery/resources/content/gallery/pacific-home/articles/nightstands-in-glossy-white-andgreen.jpg	/site/pacifichome/articles/bedroom/20-chic-modern-nightstands-for-a-contemporary-bedroom
https://pacific-saas.bloomreach.io/delivery/resources/content/gallery/pacific-home/articles/1-austonian-private.jpg	/site/pacifichome/articles/bedroom/20-gorgeous-bedrooms-with-glass-night-stands
https://pacific-saas.bloomreach.io/delivery/resources/content/gallery/pacific-home/articles/1-calabasas-andrews.jpg	/site/pacifichome/articles/bedroom/20-stunning-black-night-stands-in-the-bedroom
https://pacific-saas.bloomreach.io/delivery/resources/content/gallery/pacific-home/articles/1-bond-bedside.jpg	/site/pacifichome/articles/bedroom/22-sleek-modern-nightstands-for-the-bedroom
https://pacific-saas.bloomreach.io/delivery/resources/content/gallery/pacific-home/articles/bed-frames.jpg	/site/pacifichome/articles/bedroom/how-to-choose-appropriate-bed-frames
https://pacific-saas.bloomreach.io/delivery/resources/content/gallery/pacific-home/articles/use-color-to-give-the-bedside-tables-a-unique-personality.jpg	/site/pacifichome/articles/bedroom/how-to-create-an-inimitable-bedroom-with-mismatched-nightstands
https://pacific-saas.bloomreach.io/delivery/resources/content/gallery/pacific-home/articles/1land-of-nod.jpg	/site/pacifichome/articles/bedroom/modern-nightstands-for-a-polished-and-functional-bedroom
https://pacific-saas.bloomreach.io/delivery/resources/content/gallery/pacific-home/articles/10-bedroom-fireplace.jpg	/site/pacifichome/articles/bedroom/small-bedroom-ideas-to-make-your-room-bigger
https://pacific-saas.bloomreach.io/delivery/resources/content/gallery/pacific-home/articles/nightstand.jpg	/site/pacifichome/articles/bedroom/win-nightstand-for-low-platform-beds
https://pacific-saas.bloomreach.io/delivery/resources/content/gallery/pacific-home/articles/high-resolution/5.-modern-dining-room.jpg	/site/pacifichome/articles/dining-room/10-midcentury-modern-dining-rooms
https://pacific-saas.bloomreach.io/delivery/resources/content/gallery/pacific-home/articles/2-bull-dr.jpg	/site/pacifichome/articles/dining-room/15-ideas-for-a-mid-century-modern-dining-room-design
https://pacific-saas.bloomreach.io/delivery/resources/content/gallery/pacific-home/articles/high-resolution/3.rustic-dining-room.jpg	/site/pacifichome/articles/dining-room/15-outstanding-rustic-dining-design-ideas
https://pacific-saas.bloomreach.io/delivery/resources/content/gallery/pacific-home/articles/high-resolution/7.-dining-room-furniture.jpg	/site/pacifichome/articles/dining-room/16-delicious-ideas-for-dining-room-furniture
https://pacific-saas.bloomreach.io/delivery/resources/content/gallery/pacific-home/articles/1-131-house.jpg	/site/pacifichome/articles/dining-room/20-contemporary-dining-rooms-with-wooden-chairs
https://pacific-saas.bloomreach.io/delivery/resources/content/gallery/pacific-home/articles/1-high.jpg	/site/pacifichome/articles/dining-room/20-ideas-for-a-simple-modern-dining-area
https://pacific-saas.bloomreach.io/delivery/resources/content/gallery/pacific-home/articles/mid-century-modern-dining-room-.png	/site/pacifichome/articles/dining-room/20-outstanding-midcentury-dining-design-ideas
https://pacific-saas.bloomreach.io/delivery/resources/content/gallery/pacific-home/articles/blue-transitional-dining-room.jpg	/site/pacifichome/articles/dining-room/20-stunning-transitional-dining-design-ideas
https://pacific-saas.bloomreach.io/delivery/resources/content/gallery/pacific-home/articles/home-decorating-ideas---luxury-residence-by-dallas-design-group-dining-room.jpg	/site/pacifichome/articles/dining-room/best-10-dining-room-ideas-you-wish-to-have---modern-dining-tables
https://pacific-saas.bloomreach.io/delivery/resources/content/gallery/pacific-home/articles/high-resolution/6.-dining-chairs.jpg	/site/pacifichome/articles/dining-room/dining-room-design-ideas-50-inspirational-dining-chairs
https://pacific-saas.bloomreach.io/delivery/resources/content/gallery/pacific-home/articles/exquisite-dining-table-with-a-contemporary-flair.jpg	/site/pacifichome/articles/dining-room/how-to-choose-the-perfect-dining-table-for-your-home
https://pacific-saas.bloomreach.io/delivery/resources/content/gallery/pacific-home/articles/sophisticated-dining-room-in-trendy-grey.jpg	/site/pacifichome/articles/dining-room/modern-dining-table-chairs-for-stylish-contemporary-homes
https://pacific-saas.bloomreach.io/delivery/resources/content/gallery/pacific-home/articles/top-5-gorgeous-white-marble-round-dining-tables-1.jpg	/site/pacifichome/articles/dining-room/top-5-gorgeous-white-marble-round-dining-tables
https://images.unsplash.com/photo-1540518614846-7eded433c457?ixlib=rb-1.2.1&q=85&fm=jpg&crop=entropy&cs=srgb&ixid=eyJhcHBfaWQiOjg4OTUxfQ	/site/pacifichome/articles/featured/bedroom-decorating-ideas
https://pacific-saas.bloomreach.io/delivery/resources/content/gallery/pacific-home/articles/featured/hearth_top.jpeg	/site/pacifichome/articles/featured/hearth-at-home
https://images.unsplash.com/photo-1556912998-c57cc6b63cd7?ixlib=rb-1.2.1&amp;q=80&amp;fm=jpg&amp;crop=entropy&amp;cs=tinysrgb&amp;w=1080&amp;fit=max&amp;ixid=eyJhcHBfaWQiOjg4OTUxfQ	/site/pacifichome/articles/featured/home-decor-trends-2020
https://images.unsplash.com/photo-1567767292278-a4f21aa2d36e?ixlib=rb-1.2.1&q=85&fm=jpg&crop=entropy&cs=srgb&ixid=eyJhcHBfaWQiOjg4OTUxfQ	/site/pacifichome/articles/featured/how-to-design-the-perfect-living-room
https://pacific-saas.bloomreach.io/delivery/resources/content/gallery/pacific-home/articles/1-jill-wolffs.jpg	/site/pacifichome/articles/living-room/20-square-wooden-coffee-table-in-the-living-room
https://pacific-saas.bloomreach.io/delivery/resources/content/gallery/pacific-home/articles/1-fulham-family.jpg	/site/pacifichome/articles/living-room/20-stunning-living-rooms-with-square-glass-coffee-tables
https://pacific-saas.bloomreach.io/delivery/resources/content/gallery/pacific-home/articles/high-resolution/1.coffee-table.jpg	/site/pacifichome/articles/living-room/30-glass-coffee-tables-that-bring-transparency-to-your-living-room
https://pacific-saas.bloomreach.io/delivery/resources/content/gallery/pacific-home/articles/live-edge-coffee-table-seems-to-almost-blend-into-the-rustic-backdrop.jpg	/site/pacifichome/articles/living-room/30-live-edge-coffee-tables-that-transform-the-living-room
https://pacific-saas.bloomreach.io/delivery/resources/content/gallery/pacific-home/articles/16living-room-with-chaise-lounge.jpg	/site/pacifichome/articles/living-room/33-high-class-living-rooms-with-chaise-lounges
https://pacific-saas.bloomreach.io/delivery/resources/content/gallery/pacific-home/articles/contemporary-living-room.jpg	/site/pacifichome/articles/living-room/chaise-divan-daybed-settee-whats-the-difference
https://pacific-saas.bloomreach.io/delivery/resources/content/gallery/pacific-home/articles/smart-coffee-tables-add-geometric-contrast-to-the-room.jpg	/site/pacifichome/articles/living-room/exquisite-coffee-tables-that-add-a-curvy-twist-to-your-living-room
https://pacific-saas.bloomreach.io/delivery/resources/content/gallery/pacific-home/articles/traditional-living-room.jpg	/site/pacifichome/articles/living-room/fabulous-furnishings-the-great-chaise
https://pacific-saas.bloomreach.io/delivery/resources/content/gallery/pacific-home/articles/high-resolution/4.-round-coffee-table.jpg	/site/pacifichome/articles/living-room/furniture-ideas---round-coffee-tables-in-glass-wood-marble-and-metal
https://pacific-saas.bloomreach.io/delivery/resources/content/gallery/pacific-home/articles/high-resolution/2.-chaise-living-room.jpg	/site/pacifichome/articles/living-room/objects-of-desire-new-ways-with-the-classic-chaise
https://pacific-saas.bloomreach.io/delivery/resources/content/gallery/pacific-home/articles/traditional-bedroom.jpg	/site/pacifichome/articles/living-room/the-chaise-lounge-chair-stylish-indulgence
https://pacific-saas.bloomreach.io/delivery/resources/content/gallery/pacific-home/articles/neautral-colored-living-room-with-wooden-coffee-table.jpg	/site/pacifichome/articles/living-room/the-coffee-table-convenient-furniture-you-cant-live-without
