pid	fixed_title
100202	Stripe Riviera Indoor Outdoor Rug
100283	9 Ft Tilting Outdoor Umbrella
17405	9 Ft Tilting Outdoor Umbrella With Lights
39431fam	Cantilever Outdoor Umbrella Collection
68337	Colorado Insulated Cooler Backpack for Two
68338	Moreno 3 Bottle Wine Tote Bag
76178	Ceramic Floral Knobs Set of 2
76385	Stripe Inside Out 9 ft Tilting Umbrella
76387	Single Scallop 9 Ft Tilting Outdoor Umbrella
76392	Square Scallop 9 Ft Tilting Outdoor Umbrella
76865	Sunbrella Canvas Adirondack Chair Cushion
76887	Sunbrella Canvas Outdoor Chair Cushion
76910	Sunbrella Canvas Gusseted Outdoor Chair Cushion
76934	Sunbrella Canvas Outdoor Chaise Lounge Cushion
76955	Sunbrella Canvas Outdoor Lumbar Pillow
76978	Sunbrella Canvas Outdoor Throw Pillow
77680	Wood and Stainless Steel Perth Kitchen Cart
77734	All Weather Pinamar Outdoor Chaise and Cushion
78532	Striped Kraft Wrapping Paper Roll
78539	Small Floral Bouquet Kraft Gift Bags Set of 2
78540	Medium Floral Bouquet Kraft Gift Bags Set of 2
78541	Large Floral Bouquet Kraft Gift Bag
87045	Forest Frolic Randen Upholstered Chair
87788	Large Multicolor Floral Amal Enamel Wood Bowl
87791	Multicolor Floral Amal Enamel Wood Servers Set Of 2
87796	Russbe Large Inner Seal Bento Lunch Box
90064	Medallion Tufted Wool Zareen Area Rug
92064	Wood and Butcher Block Emma Kitchen Island
92184	Ceramic Olean Outdoor Accent Stool
92185	Ceramic Shantou Outdoor Accent Stool
92191	Square Scallop 9 Ft Tilting Outdoor Umbrella
92199	Double Scallop 9 Ft Tilting Outdoor Umbrella
92200	Double Scallop 9 Ft Tilting Outdoor Umbrella
93173	Coral Floral Embroidered Cotton Jaipur Area Rug
93400	Aqua, Space Dyed Chenille Bath Mat
94987	Giraffe Wool Area Rug
95804	Dusty And Abstract Wall Hanging
96491	Small Multicolor Floral Amal Enamel Wood Bowl
98126	Tall Wool Rancher Hat
98140	Foldable Backpack With Pouch
98144	Marled Turtleneck Sweater Poncho
98184	Paisley Overstitched Jacquard Blanket Scarf
98624	Christmas Constellations Holiday Wine Bags Set Of 2
98675	Clara Block 3 Panel Kaia Upholstered Folding Screen
99775	Floral Print Reina Robe
99776	Floral Print Reina Jumpsuit Pajamas
100693	Kawaguchi Mikan Chan Hard Candy Set Of 5
22668	Mackays Dundee Marmalade Set Of 6
23146	Chimes Chewy Candy Set of 5
24224	Lindt Excellence Intense Dark Bar
26029	The Republic of Tea Blood Cinnamon Tea
28532	Boylan Soda
29398	Duerr's Coarse Marmalade Set Of 6
29432	Mackays Marmalade With Champagne Set Of 6
32543	Italian Vegetable Soap
47748	Taper Candles, Set of 2
50539	Perugina Orangello Dark Bar
53206	Torinese and Cranberry Panettone
55836	Maison Blossom Hand Soap
55836fam	Maison Blossom Bath and Body Collection
55837	Maison Blossom Hand Lotion
58732	Flame Buffet Napkins Set of 6
63409	Walkers Spiced and Cranberry Mince Pie
63534	Peel Spice Bag
63832	Retro Drink Cooler
6816	Terry's Oranges, Set of 12
68536	Bundaberg Blood Sparkling Beverage 4 Pack Set of 6
69952	Small Kraft Gift Bags 6 Count
71089	Batik Metal Chair
72010	Rolled Wafers
75201	Fig Fruit Spread Set of 2
77672	Pimento Flannel Brooks Upholstered Chair
81906	Niederegger Marzipan Dark Bar Set of 2
82020	5 Ft Replacement Umbrella Canopy
82024	Rectangular Outdoor Umbrella
82026	Outdoor Half Umbrella
86347	Ghirardelli Intense Dark Blood Sunset Bar
86579	Alemany Blossom Honey
87793	Large Multicolor Nirvana Enamel Wood Bowl
87794	Multicolor Nirvana Enamel Wood Servers Set Of 2
88744fam	A&G Reiko Basil and Hand Care Collection
88989	Micro LED 30 Bulb Battery Operated String Lights
89129	Wide Stripe Cotton Chindi Area Rug
89235	Lemon and Linen Scroll Wall Hangings Set of 2
89566	Sparkling Blood Grapefruit French Soda
89821	Sticky Fingers Bakeries Cranberry Scone Mix
89884	Kuchenmeister Marzipan Stollen
90064	Medallion Tufted Wool Zareen Area Rug
90647	Sackcloth & Ashes and Diamond Throw Blanket
90955	Blossom Hand and Nail Salve
91400	Mid Century Joel Upholstered Counter Stool
92194	& Square Scallop 9 Ft Tilting Outdoor Umbrella
92309	Kuba Applique Throw Pillow
92529	Nestle Kit Kat Wafer Bars 9 Piece
92536	YummyComb 70% Dark and Honeycomb Bar
92539	YummyComb 70% Dark and Honeycomb Pieces
92960	Coral Blossom Footed Filled Jar Candle
93807	San Pellegrino Organic Blood Beverage 4 Pack
93863	Crodo Aranciata Italian Orangeade 4 Pack Set of 6
94294	Gullon Oat and Digestive Biscuits
94565	Mrs Darlington's Curd
94567	Duerr's Raspberry and Conserve Set of 6
94571	Dalmatia Fig Spread
94892	Bretta Upholstered Ottoman
94958	Revival Rugs Wool Terzino Vintage Area Rug
94963	Revival Rugs Wool Burton VIntage Area Rug
94964	Revival Rugs Wool Pietie Vintage Area Rug
94985	Lion Wool Area Rug
94987	Giraffe Wool Area Rug
95335	Herban Essentials Essential Oil Wipes 20 Count
95369	Square And Vintage Medallion Pouf
95690	Polara Arancia Rossa Sicilian Blood Soda 4 Pack
95697	Senso Freddo Sicilian Blood Granita 2 Pack
95733	Agrisicilia Marmalade
95734	Agrisicilia Sicilian Blood Marmalade
96012	Basketweave Reversible Vinyl Placemats Set of 4
96460	Old Fashioned Mini Slices Box
96494	Small Multicolor Nirvana Enamel Wood Bowl
96644	Autumn Pumpkin Figure Candle
97300	Terry's Toffee Set of 2
97419	Coolmore Cranberry and Cake
97736	Mrs Darlington's Cranberry and Curd
97908	12 Oz. Ground Coffee
97922	2 Oz. Ground Coffee Set of 6
98361	Keekee the Rocking Monkey Balancing Game
98403	Global Sisters Floral Dress Plush Stuffed Doll
98698	Abstract Sunset Wallpaper Mural
98735	22 Oz. Deruta Blossom Dish Soap
98737	20 Oz. Deruta Blossom Liquid Hand Soap
98802	Vintage Style Jocelyn Area Rug
99100	Virgil's Handcrafted Soda 4 Pack
99103	Virgil's Zero Sugar Soda 6 Pack
99108	Jelly Belly Sherbet Sparkling Water 8 Pack
99116	Mingle Blood Elderflower Sparkling Mocktail
99271	Munkebo in Mustard Sauce
99565	Almond Brothers Cayenne Almonds
14759	Heinz of Tomato Soup, Set of 24
18046	8 Pack Kinder Milk Bars Set of 10
22593	Somerdale Double Devon Cream
22622	Heinz Salad Squeeze Bottle
23280	Jacob's Crackers Set Of 12
23315	Devon Luxury Clotted Cream
25972	Maggi of Asparagus Soup, Set of 14
25973	Maggi of Leek Soup, Set of 13
25974	Maggi of Mushroom Soup, Set of 6
32595	Rabbit Creamy Candy Set of 12
35189	Maggi Pepper Sauce Mix Set Of 6
35595	Ramune Melon Soda
35596	Ramune Mango Soda
45967	Shamrock and Sour Potato Chips
47485	Lagoon Retro Ice Scoop
50595	Vanilla Original New York Seltzer
61661	Canada True Maple Cookies
65400	A&G Honey Almond Bar Soap and Hand 2 Pack
65401	A&G Lemon Verbena Bar Soap and Hand 2 Pack
65402	A&G Chamomile Bar Soap and Hand 2 Pack
69760	Matilde Vicenzi Tesoro Puff Pastry
69995	A&G Geo Pop berry Vanilla Hand Set of 2
69996	A&G Geo Pop Lime Hand Set of 2
69997	A&G Geo Pop Grapefruit Hand Set of 2
71983	La Torinese Gianduja Panettone
72008	Hazelnut Rolled Wafers
72009	Dark Hazelnut Rolled Wafers
72010	Rolled Wafers
72575	Large Mason Cash Fox Ceramic Mixing Bowl
77326	Creamy Vodka Pasta Sauce
77453	Sonoma Creamery Parmesan Crisps
77454	Sonoma Creamery Cheddar Crisps Set of 12
78511	Creamy Mushroom Soup
78715	Matilde Vicenzi Delizia Hazelnut Puff Pastry
83740	Zaghis Treccia and Chip Cake
83741	Zaghis Treccia and Raisin Cake
84590	Castelbel Succulents Cactus Pear Hand Set of 2
85609	Dog Ceramic Planter
86287	Cosmos Sour and Onion Ring Puffs
86326	JiMMY! Woke AF Cookies & Protein Bar Snack Size
88208	Oversized and Diamond Lumbar Pillow
88209	Shag Indoor Outdoor Throw Pillow
88602	Bobino Medium and Cord Wraps Set of 2
88603	Bobino and Slim Pens Set of 2
89278	Snowflake Knit Christmas Stocking
89616	Popchips Ridges Cheddar and Sour Potato Snack
90930	Olivina Men's Bourbon Cedar Conditioning Shave Cream
90972	Bowman Brothers Cedar Mandarin Men's Shave Cream
91455	Mozart Mini Liqueur
91474	O'Reilly's Irish Liqueur
91475	O'Reillys Peppermint Liqueur
91476	O'Reillys bread Liqueur
91763	Japanese Pringles Sour & Onion Potato Crisps Set Of 12
91920	Creamy Lemon Rolled Wafers
91921	French Vanilla Rolled Wafers
91985	Oversized and Diamond Shag Wall Hanging
92020	Large Diamond Fabric Gemma Basket
92349	Knorr Fix Creamy Herb Cutlet Sauce Mix
92530	Nestle Kit Kat Cookies & Wafer Bars 9 Piece
92598	Pocket Latte & Sugar Coffee Square
93152	Two Tone Ceramic Kinley Table Lamp Base
93295	Java Polish Exfoliating Scrub Cream
93299	Castelbel Jungle Hand Set of 2
93302	Castelbel Terrazzo Hand Set of 2
93304	Castelbel Meadow Garden Hand Set of 2
93307	Castelbel Garden Floral Hand Set of 2
93310	Castelbel Vibrant Collage Hand Set of 2
93314	A&G Tropical Hand Set of 2
93316	A&G Vibrant Floral Hand Set of 2
93602	Kopper's Ice Maltballs
94151	Multicolor Swirl Lace Katie Dress
94339	Coney Island Classics Sour and Onion Potato Chips
94409	Urban Accents Creamy Grilled Coleslaw Seasoning Set of 2
94584	Bravado Creamy Herb & Jalapeno Hot Sauce
94673	Bowman Brothers alwood Men's Brushless Shave Cream
94685	A&G Boho Floral Hand Set of 2
95636	2.5 Quart BK Enamel Carbon Steel Dutch Oven
95858	Mason Cash In the Forest All Purpose Bowls 3 Piece Set
95859	Mason Cash In the Forest Coffee, Tea and Sugar Jar Set
95860	Mason Cash In the Forest Measuring Jug and Cups Set
95861	Mason Cash In the Forest Batter Bowl
95863	Mason Cash In the Forest Steel Cake Tins 3 Piece Set
95868	Mason Cash Color Mix Mixing Bowl
96121	Geometric Stone Mugs Set of 4
96413	Califia Farms Pumpkin Spice Better Half Dairy Free Creamer
96462	Hammond's Milk With Biscuit Bar Set of 7
96711	Bailey's Irish ie Mix
96712	Baileys Irish Mocha Cupcake Mix
96713	Baileys Irish Coffee Cake Mix
96882	Sackcloth & Ashes And Diamond Throw Blanket
97109	A&G Painted Wash Hand Set of 2
97111	A&G Modern Fun Hand Set of 2
97113	A&G Indie Hand Set of 2
97115	Castelbel Modern Botanicals Hand Cream
97244	20 Pack And Star Tissue Paper Set Of 2
97283	Kinder Christmas Filled Mini Bar 12 Count
97724	O'Reilly's Peanut Butter Irish Liqueur
9788	Ceramic Creamer
97987	A&G Lovely Folk Hand 3 Piece Gift Set
97992	A&G Festive Plaid Hand Cream
98000	A&G Winter Woodlands Hand Cream
98109	Dash My Pint Ice Maker
98633	Mozart Liqueur Gift Set With Glass
98673	Suki Chinois 3 Panel Kaia Upholstered Folding Screen
98674	Dash 3 Panel Kaia Upholstered Folding Screen
98677	Block Print 3 Panel Laurel Upholstered Folding Screen
99091	Virgil's Zero Sugar Vanilla Soda 6 Pack
99098	Virgil's Handcrafted Vanilla Soda 4 Pack
99264	Vigo Creamy Avocado and Lime Rice Set of 3
99330	The Old Mill Coffee Wafers
99442	Walker's Nonsuch Creamy Toffee Slab
99584	Herr's Sour and Onion Potato Chips Set of 2
99722	Castelbel Minimal Silhouette Hand Cream
99724	A&G Laguna Hand Cream
66174	Medallion Sculpted Hand Towel
92882fam	Fiesta Bistro Dinnerware Collection
100442	Cast Iron and Wood Infuser Teapot
48471	Aruba Cantilever Outdoor Umbrella
48471fam	Aruba Cantilever Outdoor Umbrella Collection
52673	Ceramic Knobs, Set of 2
70987	Taper Candles Set of 2
73961	Painted Wood and Metal Cabinet
75356	Aruba Outdoor Half Umbrella
75386	Dark Ceramic Planter with Wood Stand
77671	Flannel Brooks Upholstered Armchair
77753	Metal Aubrey Outdoor Armchairs Set of 2
82723	Sackcloth & Ashes and Diamond Throw Blanket
88692	Reactive Glaze Ceramic Planter
90642	Sackcloth & Ashes and Diamond Throw Blanket
90647	Sackcloth & Ashes and Diamond Throw Blanket
92885fam	Fiesta Bistro Dinnerware Collection
94847	Three Pineapples Coir Doormat
95145	11 Ft Outdoor Umbrella
96538	Rectangular Utensil Silicone Trivet
23432	Organic Reactive Glaze Serving Platter
70821	Vintage Geo Stonewashed Bath Mat
76860	Sunbrella  Lido Stripe Adirondack Chair Cushion
76877	Sunbrella Tile Outdoor Chair Cushion
76895	Sunbrella Lido Stripe Gusseted Outdoor Chair Cushion
76896	Sunbrella Tile Adirondack Chair Cushion
76917	Sunbrella Lido Stripe Outdoor Chaise Lounge Cushion
76922	Sunbrella Tile Outdoor Chaise Lounge Cushion
76940	Sunbrella Lido Stripe Outdoor Lumbar Pillow
76945	Sunbrella Tile Outdoor Lumbar Pillow
76963	Sunbrella Lido Stripe Outdoor Throw Pillow
76968	Sunbrella Tile Outdoor Throw Pillow
86884	Round Vintage Cotton Bath Mat
87080	Bad Day Screw It Wine Bag
88913	Round Braided Placemats Set of 4
89353	Twiggie Organic Mugs Set Of 3
91985	Oversized and Diamond Shag Wall Hanging
92878	Handcrafted Reactive Glaze Portuguese Mug
93116	Round Woven Paper Placemats Set Of 4
93416	Patchwork Block Print Udaipur Quilt
93434	Sunfaded Sculpted Geo Nova Towels
96851	Paisley Nightshirt
96858	Tassel Sheer Hathaway Shower Curtain
96877	Sculpted Diamond Marin Bath Towel
96877fam	Sculpted Diamond Marin Towel Collection
96878	Sculpted Diamond Marin Hand Towel
80331	Ombre Glass Table Lamp Base
85392	Nantucket 12 Piece Dinnerware Set
87350	Tweed Curved Back Jaden Chair
94766	Facial Roller
97563	Ribbed Fleece Robe with Hood
98016	A&G Gua Sha Facial Massage Gift Set
98018	A&G Face Roller
98019	A&G Mini Facial Roller
95528	Upholstered Daybed
12933	12 Oz. Eggnog Ground Coffee
15595	2 Oz. Vanilla Bean Coffee Set Of 15
15596	2 Oz. Hazelnut Coffee Set Of 15
15597	2 Oz. Italian Roast Coffee Set Of 15
15598	2 Oz. Texas Turtle Blend Coffee Set Of 15
24235	Organic Cheddar Popcorn Set of 12
27818	12 Oz. Holiday Blend Ground Coffee
35882	Mediterranean Olive Blend Set Of 6
68114	24 oz. Amalfi Coast Espresso Coffee Set of 3
68115	24 Oz. Costa Rica Coffee Set Of 3
68116	24 oz. French Roast Coffee Set of 3
68117	24 oz. Island Blend Coffee Set of 3
68118	24 oz. Italian Roast Coffee Set of 3
68120	24 oz. Moka Java Blend Coffee Set of 3
68121	24 oz. Rainforest Organic Coffee Set of 3
68122	24 oz. Sumatra Coffee Set of 3
71876	24 Oz. Italian Roast Decaf Coffee Set Of 3
77914	24 Oz. Kona Blend Whole Bean Coffee Set Of 3
86422	Spring Water
87381	12 Oz. Hazelnut Ground Coffee
87382	12 Oz. Caramel Macchiato Ground Coffee
91920	Creamy Lemon Rolled Wafers
91921	French Vanilla Cream Rolled Wafers
92115	12 Oz. Stroop Waffle Ground Coffee
96422	12 Oz. Mocha Raspberry Ground Coffee
96423	12 Oz. Citrus Spice Ground Coffee
96424	12 Oz. Chai Ground Coffee
96718	Mushroom Gravy Base
97130	Halloween Icon Pasta Set of 2
97908	12 Oz. Ground Coffee
97909	12 Oz. Cinnamon French Toast Ground Coffee
97910	12 Oz. Tiramisu Ground Coffee
97921	2 Oz. French Toast Ground Coffee Set of 6
97922	2 Oz. Ground Coffee Set of 6
98645	Classic Marinara Pasta Sauce

