urlLeaf	crumb
	Dining>Dinnerware
games puzzles	Gifts>Toys and Games>Games and Puzzles
jewelry sets	Jewelry & Clothing>Jewelry Sets
japanese food	Food & Drink>International Favorites>Japanese
chips	Food & Drink>Food>Snacks>Chips
boska	Kitchen>Shop by Brand>Boska
new york seltzer	Food & Drink>Shop by Brand>Original New York Seltzer
eastern european	Food & Drink>International Favorites>Eastern European
bracelets	Jewelry & Clothing>Bracelets
cutting boards	Kitchen>Kitchen Tools>Cutting Boards
italian food	Food & Drink>International Favorites>Italian
dining benches	Furniture>Dining Room Furniture>Dining Benches
instant pot	Kitchen>Shop by Brand>Instant Pot
tea	Food & Drink>Drink>Tea
bar	Dining>Bar
framed	Decor & Pillows>Wall Art and Décor>Wall Art by Material>Framed Print
cocktail enthusiast	Gifts>Gifts by Recipient>Cocktail Enthusiasts
bakeware	Kitchen>Baking>Bakeware
ramune	Food & Drink>Shop by Brand>Ramune
beer	Food & Drink>Wine, Beer & Spirits>Beer
for pets	Gifts>Gifts by Recipient>Pet Lovers
bedding collections	Bed & Bath>Bedding Sets
picnic baskets	Outdoor>Picnic Baskets & Tote Bags
joseph joseph	Kitchen>Shop by Brand>Joseph Joseph
frames	Decor & Pillows>Wall Art and Décor>Wall Frames
laundry room accessories	Bed & Bath>Cleaning and Laundry Essentials
sodastream	Kitchen>Shop by Brand>Sodastream
lighting	Lighting
cleaning supplies	Kitchen>Kitchen Tools>Cleaning Supplies
scarves shawls	Jewelry & Clothing>Scarves and Shawls
cocoa	Food & Drink>Drink>Cocoa
spice+jars	Kitchen>Storage>Spice Jars
bbq	Outdoor>BBQ & Grilling
heinz	Food & Drink>Shop by Brand>Heinz
science	Gifts>Toys and Games>Science Toys
epicurean	Kitchen>Shop by Brand>Epicurean
wall art	Decor & Pillows>Wall Art and Décor>Wall Art by Subject
gift by occasion	Gifts>Gifts by Occasion
cookie jars	Kitchen>Storage>Cookie Jars
console tables	Furniture>Living Room Furniture>Console Tables
beds	Furniture>Bedroom Furniture>Beds
white elephant gifts	Gifts>White Elephant Gifts
jams spreads	Food & Drink>Food>Jams and Spreads
kids plush toys	Gifts>Toys and Games>Plush Toys
wine	Food & Drink>Wine, Beer & Spirits>Wine
cookies and cakes	Holidays>Christmas Shop>Christmas Food & Drink>Cookies and Cakes
jerky	Food & Drink>Food>Snacks>Jerky
for her	Gifts>Gifts by Recipient>Her
american southern	Food & Drink>International Favorites>American Southern
international favorites	Food & Drink>International Favorites
gourmet gift sets	Food & Drink>Gourmet Gift Sets
adirondack chairs	Outdoor>Outdoor Furniture>Adirondack Chairs
party supplies	Gifts>Gift Wrap and Stationery>Party Supplies
kettle chips	Food & Drink>Shop by Brand>Kettle Chips
bar accessories	Dining>Bar>Bar Tools & Accessories
string lights	Lighting>String Lights
spices seasonings	Food & Drink>Food>Spices and Seasonings
walkers	Food & Drink>Shop by Brand>Walkers Shortbread
measuring cups spoons	Kitchen>Baking>Measuring Cups and Spoons
upholstered bed frames	Furniture>Custom Furniture>Custom Beds
pretzels	Food & Drink>Food>Snacks>Pretzels
storage containers	Kitchen>Storage>Storage Containers
small spaces	Furniture>Small Spaces Collection
chinese new year	Holidays>Lunar New Year
cabinets shelving	Furniture>Living Room Furniture>Cabinets and Shelving
chaise daybeds	Furniture>Bedroom Furniture>Chaise and Daybeds
teapots tea kettles	Kitchen>Coffee and Tea Accessories>Teapots and Tea Kettles
coffee mugs teacups	Dining>Drinkware>Coffee Mugs and Teacups
americana	Holidays>Americana
5 x 8 area rugs	Rugs>5' x 8' Area Rugs
benches	Furniture>Living Room Furniture>Benches and Ottomans
accessories	Jewelry & Clothing>Accessories
papasan chair cushions frames	Decor & Pillows>Pillows and Throws>Papasan Chair Cushions
filled candles	Decor & Pillows>Candles and Candle Holders>Scented Candles
holiday cards	Holidays>Christmas Shop>Christmas Cards
doormats	Rugs>Doormats
food	Food & Drink>Food
birthday gifts	Gifts>Gifts by Occasion>Birthday Gifts
sale	Sale
wool rugs	Rugs>Wool Rugs
gluten free	Food & Drink>Food>Gluten-Free Food
planters	Outdoor>Plants & Gardening Tools>Planters
cookies cakes	Food & Drink>Food>Cookies and Cakes
single serve coffee	Food & Drink>Drink>Single Serve Coffee
gift bags boxes	Gifts>Gift Wrap and Stationery>Gift Bags and Boxes
entertaining decor	Holidays>New Year's Essentials>Entertaining & Decorating
member deals	Sale>Member Deals
planters terrariums	Decor & Pillows>Plants, Trees and Flowers>Planters and Terrariums
seating benches	Furniture>Small Spaces Collection>Small Space Seating and Benches
always a deal	Always A Deal
drop earrings	Jewelry & Clothing>Earrings>Drop Earrings
enclume	Kitchen>Shop by Brand>Enclume
easter	Holidays>Easter
red	Food & Drink>Wine, Beer & Spirits>Wine>Red Wine
indian food	Food & Drink>International Favorites>Indian
baking	Kitchen>Baking
meats cheese	Food & Drink>Food>Meats, Fish and Cheese
placemats and napkins	Always A Deal>Always A Deal - Placemats & Napkins
hario	Kitchen>Shop by Brand>Hario
chairs	Furniture>Living Room Furniture>Chairs
drawer knobs pulls	Decor & Pillows>Hardware>Knobs and Pulls
kilner	Kitchen>Shop by Brand>Kilner
gifts	Gifts
candy chocolate	Food & Drink>Food>Candy and Chocolate
home office	Furniture>Home Office Furniture
dinnerware	Dining>Dinnerware
area rugs	Rugs>Area Rugs
crackers	Food & Drink>Food>Snacks>Crackers
bed bath	Bed & Bath
bedroom headboards	Furniture>Custom Furniture>Custom Headboards
patterned towels	Bed & Bath>Bath Towel Collections>Patterned Towels
flatware sets	Dining>Flatware>Flatware Sets
carrs	Food & Drink>Shop by Brand>Carr's
brunch	Holidays>Mother's Day>Brunch Gift Ideas
headboards	Furniture>Bedroom Furniture>Headboards
containers	Kitchen>Storage>Storage Containers
thank you gifts	Gifts>Gifts by Occasion>Thank You Gifts
lindt	Food & Drink>Shop by Brand>Lindt Chocolate
bath accessories	Bed & Bath>Bath Accessories
bath salts bubble bath	Bed & Bath>Bath & Body>Spa and Relaxation
the gourmet	Gifts>Gifts by Recipient>Foodies
for him	Gifts>Gifts by Recipient>Him
kitchen towels	Kitchen>Kitchen Linens>Kitchen Towels
asian food	Food & Drink>International Favorites>Asian
chefn	Kitchen>Shop by Brand>Chef'n
republic of tea	Food & Drink>Shop by Brand>The Republic Of Tea
hawaiian food	Food & Drink>International Favorites>Hawaiian
pillows throws	Holidays>Christmas Shop>Christmas Decor>Pillows and Throws
best sellers	Kitchen>Kitchen Best Sellers
decor	Holidays>Thanksgiving>Autumn Décor
lunch bags containers	Kitchen>Storage>Lunch Bags and Containers
covers	Outdoor>Outdoor Furniture>Furniture Covers
passover	Holidays>Passover
solid towels	Bed & Bath>Bath Towel Collections>Solid Towels
drink dispensers pitchers	Dining>Drinkware>Pitchers and Drink Dispensers
illy coffee	Food & Drink>Shop by Brand>Illy Coffee
retro	Holidays>Christmas Shop>Christmas Ornaments>Retro Ornaments
animals birds	Decor & Pillows>Wall Art and Décor>Wall Art by Subject>Animals & Birds
biscoff	Food & Drink>Shop by Brand>Biscoff
drinking glasses	Dining>Drinkware>Everyday Drinkware
bath body	Holidays>Mother's Day>Bath & Body Gifts
wall shelves	Decor & Pillows>Wall Storage>Wall Shelves
australian food	Food & Drink>International Favorites>Australian
coffee	Food & Drink>Drink>Coffee
bbq sauce	Food & Drink>Food>Condiments and Sauces>BBQ Sauce
fourth of july	Holidays>Fourth of July
bar serving carts	Dining>Serveware>Serving Trays
st patricks day	Holidays>St. Patrick's Day
hammocks	Outdoor>Outdoor Furniture>Hammocks and Stands
dining tables	Furniture>Dining Room Furniture>Dining Tables
dining room	Furniture>Dining Room Furniture
popcorn	Food & Drink>Food>Snacks>Popcorn
kids dinnerware	Dining>Dinnerware>Kids Dinnerware
bags and totes	Jewelry & Clothing>Accessories>Bags and Totes
hats	Jewelry & Clothing>Accessories>Hats
outdoor bbq grilling	Kitchen>Outdoor BBQ and Grilling
stationery notes journals	Decor & Pillows>Home Office>Stationery
cubbies organization	Decor & Pillows>Wall Storage>Cubbies & Organization
task lamps	Lighting>Task Lamps
bed and bath	Always A Deal>Always A Deal - Bed & Bath
house plants	Decor & Pillows>Plants, Trees and Flowers>House Plants and Flowers
bookcases	Furniture>Home Office Furniture>Bookcases
boho collection	Jewelry & Clothing>Boho Collection
halloween+d%C3%A9cor	Holidays>Halloween>Halloween Décor
bathroom	Furniture>Bathroom Furniture
beverages	Always A Deal>Always A Deal - Beverages
accents	Decor & Pillows>Decorative Accessories>Decorative Accents
french food	Food & Drink>International Favorites>French
floor lamps	Lighting>Floor Lamps
candles holders	Decor & Pillows>Candles and Candle Holders
drink	Food & Drink>Drink
hi chew	Food & Drink>Shop by Brand>Hi Chew
clocks	Decor & Pillows>Decorative Accessories>Clocks
seating benches ottomans	Furniture>Custom Furniture>Custom Seating
sodas	Food & Drink>PacificHome's Own>Sodas
new years eve	Holidays>New Year's Essentials
outdoor dinnerware	Dining>Dinnerware>Outdoor Dinnerware
vintage	Decor & Pillows>Wall Art and Décor>Wall Art by Subject>Vintage Style
barware	Dining>Drinkware>Barware
murals	Decor & Pillows>Wallpaper>Murals
umbrellas	Outdoor>Outdoor Furniture>Umbrellas and Stands
sectionals	Furniture>Living Room Furniture>Sectionals
bowls	Dining>Dinnerware>Bowls
oktoberfest	Holidays>Oktoberfest
picture frames	Decor & Pillows>Decorative Accessories>Frames
holiday	Holidays
shop all jewelry	Jewelry & Clothing>All Jewelry
sparkling	Food & Drink>Wine, Beer & Spirits>Wine>Sparkling Wine
under 15	Gifts>Gifts by Price>Gifts Under $15
slow brew	Kitchen>Coffee and Tea Accessories>Slow Brew
desk accessories	Decor & Pillows>Home Office>Desk Accessories
coffee side tables	Furniture>Small Spaces Collection>Small Space Coffee & Side Tables
decorative accents	Outdoor>Outdoor Décor>Outdoor Decorative Accents
solid+towels	Bed & Bath>Bath Towel Collections>Solid Towels
sahale snacks	Food & Drink>Shop by Brand>Sahale Snacks
pot holders	Kitchen>Kitchen Linens>Pot Holders
art by room	Decor & Pillows>Wall Art and Décor>Wall Art by Room
wall hooks	Decor & Pillows>Hardware>Hooks
halloween candy	Holidays>Halloween>Halloween Candy
ritter	Food & Drink>Shop by Brand>Ritter
torani	Food & Drink>Shop by Brand>Torani Syrup
face masks	Jewelry & Clothing>Accessories>Face Masks
custom dining room chairs	Furniture>Custom Furniture>Custom Dining Room Collections
hardware accessories	Lighting>Hardware and Accessories
cake stands carriers	Dining>Serveware>Cake Stands and Carriers
incense potpourri	Decor & Pillows>Candles and Candle Holders>Home Scents
wine and beer	Holidays>Christmas Shop>Christmas Food & Drink>Wine and Beer
bath towels	Bed & Bath>Bath Towel Collections>Bath Towels
thanksgiving	Holidays>Thanksgiving
rose	Food & Drink>Wine, Beer & Spirits>Wine>Rosé
cookbooks	Kitchen>Cooking>Cookbooks
wine racks	Dining>Bar>Wine Racks
media furniture	Furniture>Living Room Furniture>TV Stands and Media Consoles
german food	Food & Drink>International Favorites>German
chaise lounge	Outdoor>Outdoor Cushions & Pillows>Outdoor Chaise Lounge Cushions
food drink	Sale>Food & Drink
wine beer	Food & Drink>Wine, Beer & Spirits
hand towels	Bed & Bath>Bath Towel Collections>Hand Towels
cutlery	Kitchen>Kitchen Tools>Cutlery
tim tam	Food & Drink>Shop by Brand>Tim Tam
hoop earrings	Jewelry & Clothing>Earrings>Hoop Earrings
floor pillows poufs	Decor & Pillows>Pillows and Throws>Floor Pillows and Poufs
cold weather accessories	Jewelry & Clothing>Accessories>Cold Weather Accessories
kids arts crafts	Gifts>Toys and Games>Arts and Crafts
office	Furniture>Small Spaces Collection>Small Space Office
mexican	Food & Drink>International Favorites>Mexican
novelty ceramics	Kitchen>Kitchen Tools>Novelty Ceramics
mackays	Food & Drink>Shop by Brand>Mackays
flatware	Dining>Flatware
one of a kind rugs	Rugs>One of a Kind Rugs
stands	Outdoor>Outdoor Furniture>Umbrellas and Stands>Umbrella Stands
nikki chu	Decor & Pillows>Wall Art and Décor>Featured Artists>Nikki Chu
gifts by price	Gifts>Gifts by Price
gummy candy	Food & Drink>Food>Candy and Chocolate>Gummy Candy
gift cards	Gifts>Gift Cards
milka	Food & Drink>Shop by Brand>Milka
stationery	Gifts>Gift Wrap and Stationery>Stationery, Journals, and Note Cards
holiday decor	Holidays>Christmas Shop>Christmas Decor
dining chairs	Furniture>Dining Room Furniture>Dining Chairs
jelly belly	Food & Drink>Shop by Brand>Jelly Belly
all	Rugs>Shop All Rugs
new	Lighting>New Lighting
kitchen rugs	Rugs>Kitchen Rugs
holiday entertaining	Holidays>Christmas Shop>Christmas Entertaining
artisan gifts	Decor & Pillows>Decorative Accessories>Artisan Gifts
christmas	Holidays>Christmas Shop
rebel green	Kitchen>Shop by Brand>Rebel Green
sofas	Furniture>Living Room Furniture>Sofas and Loveseats
under 25	Gifts>Gifts by Price>Gifts Under $25
decor and lighting	Always A Deal>Always A Deal - Decor & Lighting
artisan furniture	Furniture>Artisan Furniture
christmas crackers	Holidays>Christmas Shop>Christmas Decor>Christmas Crackers
coffee makers	Kitchen>Coffee and Tea Accessories>Coffee Makers
pillows	Decor & Pillows>Pillows and Throws
pasta grains	Food & Drink>Food>Pasta and Grains
ginger candy	Food & Drink>Food>Candy and Chocolate>Ginger Candy
utz	Food & Drink>Shop by Brand>Utz
stocking stuffers	Holidays>Christmas Shop>Stocking Stuffers
wall art decor	Decor & Pillows>Wall Art and Décor
asian entertaining	Dining>Dinnerware>Asian Dinnerware
entertaining	Holidays>Thanksgiving>Entertaining
gourmet miniatures	Food & Drink>Gourmet Miniatures
storage	Kitchen>Storage
stockings tree skirts	Holidays>Christmas Shop>Stockings and Tree Skirts
wreaths garlands	Holidays>Christmas Shop>Christmas Decor>Wreaths and Garlands
picnic time	Kitchen>Shop by Brand>Picnic Time
teacher	Gifts>Gifts by Recipient>Teachers
cushions pillows	Outdoor>Outdoor Cushions & Pillows
kites games	Outdoor>Outdoor Toys & Games
baking central	Holidays>Christmas Shop>Christmas Baking
living room	Furniture>Living Room Furniture
chalkboards	Decor & Pillows>Wall Storage>Chalkboards
under 50	Gifts>Gifts by Price>Gifts Under $50
baking products	Food & Drink>Food>Baking Products
nature lover	Gifts>Gifts by Recipient>Nature Lovers
wicker	Outdoor>Outdoor Furniture>Outdoor Wicker Furniture
beekman 1802	Kitchen>Shop by Brand>Beekman 1802
wallpaper	Decor & Pillows>Wallpaper
gifts that give back	Gifts>Gifts That Give Back
slipcovers	Outdoor>Outdoor Cushions & Pillows>Slipcovers and Replacement Cushions
living room collections	Furniture>Living Room Furniture>Living Room Collections
twinings tea	Food & Drink>Shop by Brand>Twinings Tea
beauty products	Bed & Bath>Bath & Body>Beauty Products
acrylic glasses	Dining>Drinkware>Acrylic Glasses
outdoor	Outdoor
water bottles	Dining>Drinkware>Water Bottles
soap hand cream lotion	Bed & Bath>Bath & Body>Soaps and Lotions
chair cushions	Decor & Pillows>Pillows and Throws>Chair Cushions
dinnerware drinkware storage	Kitchen>Storage>Dinnerware and Drinkware Storage
juice soda water	Food & Drink>Drink>Juice, Soda & Water
placemats napkins	Dining>Table Linens>Placemats and Napkins
kitchen and dinnerware	Always A Deal>Always A Deal - Kitchen & Dinnerware
martini glasses	Dining>Drinkware>Martini Glasses
specialty	Dining>Serveware>Specialty Serveware
lekue	Kitchen>Shop by Brand>Lekue
entryway	Furniture>Entryway Furniture and Décor
classic halloween	Holidays>Halloween>Classic Halloween
scottish	Food & Drink>International Favorites>Scottish
under 100	Decor & Pillows>Wall Art and Décor>Wall Art Under $100
velvet pillows	Decor & Pillows>Pillows and Throws>Velvet Pillows
natural fiber	Rugs>Natural Fiber Rugs
little golden books kids	Gifts>Toys and Games>Kids Books
floor runners	Rugs>Floor Runners
jewelry display boxes	Jewelry & Clothing>Jewelry Display and Boxes
dips salsa	Food & Drink>Food>Snacks>Dips and Salsa
small kitchen appliances	Kitchen>Kitchen Tools>Small Kitchen Appliances
valentines day	Holidays>Valentine's Day
trends	Trends
jewelry clothing	Jewelry & Clothing
skin care	Bed & Bath>Bath & Body
tools gadgets	Kitchen>Kitchen Tools>Tools and Gadgets
dining	Dining
the host	Gifts>Gifts by Recipient>Hostesses
spice jars	Kitchen>Storage>Spice Jars
spirits	Food & Drink>Wine, Beer & Spirits>Spirits
mepal	Kitchen>Shop by Brand>Mepal
wine gifts	Gifts>Gifts by Recipient>Wine Lovers
serveware	Dining>Serveware
kitchen tools	Kitchen>Kitchen Tools
trim a tree	Holidays>Christmas Shop>Christmas Decor>Trim a Tree
iberian peninsula	Food & Drink>International Favorites>Iberian Peninsula
chocolate bars	Food & Drink>Food>Candy and Chocolate>Chocolate Bars
haribo	Food & Drink>Shop by Brand>Haribo
christmas+baking	Holidays>Christmas Shop>Christmas Baking
3 x 5 area rugs	Rugs>3' x 5' Area Rugs
plants gardening	Outdoor>Plants & Gardening Tools
industrial+collection	Furniture>Industrial Collection
photography	Decor & Pillows>Wall Art and Décor>Wall Art by Material>Photography
mason cash	Kitchen>Shop by Brand>Mason Cash
bar carts butler trays	Dining>Bar>Bar Carts and Butler Trays
curtains	Decor & Pillows>Curtains
featured artists	Decor & Pillows>Wall Art and Décor>Featured Artists
hand%2Btowels	Bed & Bath>Bath Towel Collections>Hand Towels
table linens	Holidays>Christmas Shop>Christmas Entertaining>Table Linens
lowell	Food & Drink>Shop by Brand>Lowell
decorative paper gift wrap	Gifts>Gift Wrap and Stationery>Decorative Paper and Gift Wrap
fresh flowers	Holidays>Mother's Day>Fresh Flowers
gifts accessories	Sale>Gifts
drinkware	Dining>Drinkware
salt pepper shakers	Kitchen>Storage>Salt and Pepper Shakers
plants	Outdoor>Plants & Gardening Tools>Outdoor Plants
handmade artisan gifts	Decor & Pillows>Decorative Accessories>Artisan Gifts
tabasco	Food & Drink>Shop by Brand>Tabasco
gifts by recipient	Gifts>Gifts by Recipient
rugs	Rugs
kitchen	Kitchen
industrial collection	Furniture>Industrial Collection
usa pan	Kitchen>Shop by Brand>USA Pan
hooks	Decor & Pillows>Hardware>Hooks
zen gifts	Gifts>Gifts by Recipient>Zen & Relaxation
champagne flutes	Dining>Drinkware>Champagne Flutes
everyday gourmet	Gifts>Gift Baskets>Everyday Gourmet
faux potted trees	Decor & Pillows>Plants, Trees and Flowers>Faux Potted Plants and Trees
toblerone	Food & Drink>Shop by Brand>Toblerone Chocolate
kilim	Rugs>Kilim Rugs
chargers	Dining>Dinnerware>Chargers
mid century collection	Furniture>Mid Century Furniture
pajamas and robes	Jewelry & Clothing>Women's Clothing>Pajamas and Robes
top sellers	Gifts>Gift Baskets>Top Sellers
tablecloths runners	Dining>Table Linens>Tablecloths and Runners
cocktail glasses barware	Dining>Drinkware>Barware
shop by brand	Kitchen>Shop by Brand
classic	Holidays>Christmas Shop>Christmas Ornaments>Classic Ornaments
by material	Decor & Pillows>Wall Art and Décor>Wall Art by Material
gum mints	Food & Drink>Food>Candy and Chocolate>Gum and Mints
urban escape	Trends>Collections>Urban Escape
indoor outdoor	Rugs>Indoor/Outdoor Rugs
decorative accessories	Decor & Pillows>Decorative Accessories
greenpan	Kitchen>Shop by Brand>GreenPan
pendants chandeliers	Lighting>Pendants & Chandeliers
dining kitchen	Furniture>Small Spaces Collection>Small Space Dining & Kitchen
wedding gifts	Gifts>Gifts by Occasion>Wedding Gifts
mothers day gifts	Holidays>Mother's Day
middle eastern food	Food & Drink>International Favorites>Middle Eastern
botanical floral	Decor & Pillows>Wall Art and Décor>Wall Art by Subject>Botanical & Floral
womens tops	Jewelry & Clothing>Women's Clothing>Women's Tops
dressers	Furniture>Bedroom Furniture>Bedroom Storage
holidays	Sale>Holidays
white	Food & Drink>Wine, Beer & Spirits>Wine>White Wine
fire pits	Outdoor>Outdoor Furniture>Fire Pits
gusset	Outdoor>Outdoor Cushions & Pillows>Outdoor Gusset Chair Cushions
aprons	Kitchen>Kitchen Linens>Aprons
furniture	Furniture
throws blankets	Decor & Pillows>Pillows and Throws>Throws & Blankets
patterned+towels	Bed & Bath>Bath Towel Collections>Patterned Towels
solid%2Btowels	Bed & Bath>Bath Towel Collections>Solid Towels
wine glasses	Dining>Drinkware>Wine Glasses
gift baskets	Gifts>Gift Baskets
glassware sets	Dining>Drinkware>Glassware Sets
cadbury	Food & Drink>Shop by Brand>Cadbury
farmhouse	Furniture>Farmhouse Collection
wine storage	Furniture>Dining Room Furniture>Dining Storage and Bars
synthia saint james	Decor & Pillows>Wall Art and Décor>Featured Artists>Synthia SAINT JAMES
landscape nature	Decor & Pillows>Wall Art and Décor>Wall Art by Subject>Landscape & Nature
cookware	Kitchen>Cooking>Cookware
outdoor collections	Outdoor>Outdoor Furniture>Outdoor Collections
6 x 9 area rugs	Rugs>6' x 9' Area Rugs
healthy eating	Food & Drink>Healthy Pantry
bath towel collections	Bed & Bath>Bath Towel Collections
knobs wall hooks	Decor & Pillows>Decorative Accessories>Knobs and Wall Hooks
custom furniture	Furniture>Custom Furniture
free shipping	Free Shipping
mixing bowls	Kitchen>Baking>Mixing Bowls
european food	Food & Drink>International Favorites>European
top picks	Holidays>Mother's Day>Top Picks for Mom
nuts	Food & Drink>Food>Snacks>Nuts
garden tools	Outdoor>Plants & Gardening Tools>Planters & Garden Tools
dining furniture	Dining>Dining Furniture
maps travel	Decor & Pillows>Wall Art and Décor>Wall Art by Subject>Maps & Travel
patterned%2Btowels	Bed & Bath>Bath Towel Collections>Patterned Towels
dining room sets	Furniture>Dining Room Furniture>Dining Room Collections
earrings	Jewelry & Clothing>Earrings
coastal	Decor & Pillows>Wall Art and Décor>Wall Art by Subject>Coastal
storage carts	Furniture>Home Office Furniture>Storage Carts
coffee tea	Kitchen>Coffee and Tea Accessories
bundaberg	Food & Drink>Shop by Brand>Bundaberg
novelty	Food & Drink>Food>Candy and Chocolate>Novelty Candy
faux succulents botanicals flowers	Decor & Pillows>Plants, Trees and Flowers>Faux Succulents, Botanicals and Flowers
custom living room collections	Furniture>Custom Furniture>Custom Living Room Collections
shelves	Decor & Pillows>Wall Art and Décor>Wall Storage>Shelves
tea infusers	Kitchen>Coffee and Tea Accessories>Tea Infusers
rustic	Holidays>Christmas Shop>Christmas Ornaments>Rustic Ornaments
umbra	Kitchen>Shop by Brand>Umbra
rugs bath mats	Bed & Bath>Bath Rugs & Bath Mats
lodge cast iron	Kitchen>Shop by Brand>Lodge Cast Iron
toys	Gifts>Toys and Games>Toys
riegelein	Food & Drink>Shop by Brand>Riegelein Chocolate
shower curtains rings	Bed & Bath>Shower Curtains and Rings
bedroom	Furniture>Bedroom Furniture
seating	Outdoor>Outdoor Furniture>Seating and Lounge Furniture
toys and games	Gifts>Toys and Games
candy and snacks	Holidays>Christmas Shop>Christmas Food & Drink>Holiday Candy and Snacks
office chairs	Furniture>Home Office Furniture>Office Chairs
serving bowls	Dining>Serveware>Serving Bowls
plates holders sconces	Decor & Pillows>Candles and Candle Holders>Candle Holders
mid century	Outdoor>Outdoor Furniture>Mid Century Outdoor Furniture
serving trays platters	Dining>Serveware>Serving Platters
cafe du monde	Food & Drink>Shop by Brand>Cafe Du Monde
home decor pillows	Sale>Decor & Pillows
table lamps	Lighting>Table Lamps
pasta sauces	Food & Drink>Food>Condiments and Sauces>Pasta Sauces
seasonal food drink	Food & Drink>Seasonal Food and Drink
pot racks	Kitchen>Storage>Pot Racks
hanukkah	Holidays>Hanukkah
balcony	Outdoor>Outdoor Furniture>Balcony Furniture
coffee tables	Furniture>Living Room Furniture>Coffee Tables
nightstands tables	Furniture>Bedroom Furniture>Nightstands and Tables
maltesers	Food & Drink>Shop by Brand>Maltesers
giclee	Decor & Pillows>Wall Art and Décor>Wall Art by Material>Giclee
collections	Dining>Dinnerware>Dinnerware Sets
bodum	Kitchen>Shop by Brand>Bodum
wusthof	Kitchen>Shop by Brand>Wusthof
dresses	Jewelry & Clothing>Women's Clothing>Women's Dresses
easy entertaining	Food & Drink>Easy Entertaining
womens clothing	Jewelry & Clothing>Women's Clothing
hardware	Decor & Pillows>Hardware
kitchen storage	Furniture>Dining Room Furniture>Kitchen Furniture
canvas	Decor & Pillows>Wall Art and Décor>Wall Art by Material>Canvas Print
mirrors	Decor & Pillows>Wall Art and Décor>Mirrors
office desks	Furniture>Home Office Furniture>Office Desks
table linen collections	Dining>Table Linens>Table Linen Collections
hot sauce	Food & Drink>Food>Condiments and Sauces>Hot Sauce
ornaments	Holidays>Christmas Shop>Christmas Ornaments
mix match lamps	Lighting>Mix and Match Lighting
appetizer dessert plates	Dining>Dinnerware>Appetizer, Salad and Dessert Plates
lanterns	Lighting>Lanterns
accent lamps	Lighting>Accent Lighting
halloween décor	Holidays>Halloween>Halloween Décor
serving utensils sets	Dining>Flatware>Serving Utensils and Sets
breakfast	Food & Drink>Food>Breakfast
extended sizes	Rugs>Large Area Rugs
accent furniture	Furniture>Living Room Furniture>Accent Furniture
meals	Food & Drink>Food>Meals
necklaces	Jewelry & Clothing>Necklaces
thai new year	Holidays>Thai New Year
throw pillows	Decor & Pillows>Pillows and Throws>Throw Pillows
baskets	Decor & Pillows>Baskets
slow brew coffee	Kitchen>Coffee and Tea Accessories>Slow Brew
reusable chopsticks	Dining>Flatware>Reusable Chopsticks
studs	Jewelry & Clothing>Earrings>Stud Earrings
knives cutlery	Dining>Flatware>Cutlery
lights lanterns	Holidays>Christmas Shop>Christmas Decor>Lights and Lanterns
candle sconces	Decor & Pillows>Wall Art and Décor>Wall Candle Sconces
zyliss	Kitchen>Shop by Brand>Zyliss
maggi	Food & Drink>Shop by Brand>Maggi
compost trash cans	Kitchen>Kitchen Tools>Compost and Trash Cans
cooking	Kitchen>Cooking
pillows+and+throws	Holidays>Christmas Shop>Christmas Decor>Pillows and Throws
lumbar	Decor & Pillows>Pillows and Throws>Lumbar Pillows
napkin rings	Dining>Table Linens>Napkin Rings
nutcrackers	Holidays>Christmas Shop>Christmas Decor>Nutcrackers
food and drink	Food & Drink
drink mixes	Food & Drink>Drink>Drink Mixes and Syrups
chair	Outdoor>Outdoor Cushions & Pillows>Outdoor Chair Cushions
hand+towels	Bed & Bath>Bath Towel Collections>Hand Towels
home decor	Gifts>Gifts by Recipient>Home Decorators
housewarming gifts	Gifts>Gifts by Occasion>Housewarming Gifts
coffee gifts	Gifts>Gifts by Recipient>Coffee Lovers
abstract	Decor & Pillows>Wall Art and Décor>Wall Art by Subject>Abstract
for kids	Gifts>Gifts by Recipient>Kids
sconces	Lighting>Accent Lighting>Sconces
mcvities	Food & Drink>Shop by Brand>Mcvities
omar escalante	Decor & Pillows>Wall Art and Décor>Featured Artists>Omar Escalante
mardi gras	Holidays>Mardi Gras
beer glasses	Dining>Drinkware>Beer Glasses
umbrellas frames	Outdoor>Outdoor Furniture>Umbrellas and Stands>Umbrellas & Frames
organization	Decor & Pillows>Home Office>Home Office Organization
oil vinegar	Food & Drink>Food>Condiments and Sauces>Oil and Vinegar
porcelain dynasty	Trends>Collections>Porcelain Dynasty
entertaining essentials	Dining>Entertaining Essentials
vases	Decor & Pillows>Decorative Accessories>Vases
condiments sauces	Food & Drink>Food>Condiments and Sauces
full circle cleaning	Kitchen>Shop by Brand>Full Circle
weck	Kitchen>Shop by Brand>Weck
kids decor	Gifts>Toys and Games>Kids Décor
bedroom furniture collections	Furniture>Bedroom Furniture>Bedroom Furniture Collections
adirondack	Outdoor>Outdoor Cushions & Pillows>Adirondack Chair Cushions
ghirardelli	Food & Drink>Shop by Brand>Ghirardelli Chocolate
madesmart	Kitchen>Shop by Brand>Madesmart
halloween	Holidays>Halloween
duralex	Kitchen>Shop by Brand>Duralex
chemex	Kitchen>Shop by Brand>Chemex
gift trim	Gifts>Gift Wrap and Stationery>Gift Trim
stools	Furniture>Dining Room Furniture>Barstools and Counter Stools
snacks	Food & Drink>Food>Snacks
coworker	Gifts>Gifts by Recipient>Coworkers
plant shop	Decor & Pillows>Plants, Trees and Flowers
fathers day	Holidays>Father's Day
cooking prep	Holidays>Thanksgiving>Thanksgiving Essentials
dinner plates	Dining>Dinnerware>Dinner Plates
dried fruit	Food & Drink>Food>Snacks>Dried Fruit
advent calendars	Holidays>Christmas Shop>Christmas Advent Calendars
licorice	Food & Drink>Food>Candy and Chocolate>Licorice Candy
simmer sauce	Food & Drink>Food>Condiments and Sauces>Simmer Sauces
kitchen linens	Kitchen>Kitchen Linens
wine decanters	Dining>Drinkware>Decanters
8 x 10 area rugs	Rugs>8' x 10' Area Rugs
decorative lighting	Lighting>Accent Lighting>Decorative Lighting
gift wrap	Gifts>Gift Wrap and Stationery
cinco de mayo	Holidays>Cinco de Mayo
tea gifts	Gifts>Gifts by Recipient>Tea Lovers
numi tea	Food & Drink>Shop by Brand>Numi Tea
carafes creamers sugar bowls	Kitchen>Coffee and Tea Accessories>Carafes, Creamers and Sugar Bowls
wall storage	Decor & Pillows>Wall Storage
polder	Kitchen>Shop by Brand>Polder
candles	Decor & Pillows>Candles and Candle Holders>Candles
gift sets	Gifts>Gift Sets
wine accessories	Dining>Bar>Wine Accessories
sofas daybeds	Furniture>Small Spaces Collection>Small Space Sofas & Daybeds
kinder	Food & Drink>Shop by Brand>Kinder Chocolate
fur faux hide	Decor & Pillows>Fur and Hide Décor
soups	Food & Drink>Food>Soups
create a gift	Gifts>Gift Wrap and Stationery>Create a Gift
end tables	Furniture>Living Room Furniture>End and Side Tables
candles and candle holders	Decor & Pillows>Candles and Candle Holders
accent	Outdoor>Outdoor Furniture>Outdoor Accents
dan houston	Decor & Pillows>Wall Art and Décor>Featured Artists>Dan Houston
wall decor	Decor & Pillows>Wall Art and Décor>Wall Décor
cuban	Food & Drink>International Favorites>Cuban
english food	Food & Drink>International Favorites>British Isles
dining best sellers	Dining>Dining Best Sellers
4 x 6 area rugs	Rugs>4' x 6' Area Rugs
buffet napkin	Dining>Table Linens>Buffet Napkins
marzipan	Food & Drink>Food>Candy and Chocolate>Marzipan
