primary term	importance	refinements...
Antique Chair	1	Vintage Sofa	Retro Table	Classic Desk	Old Cabinet	Rustic Bench	Heirloom Dresser	Period Armoire	Heritage Stool	Timeless Hutch	Antique Sideboard
Area Rug	1	Carpet Runner	Floor Mat	Throw Rug	Accent Rug	Door Mat	Bath Mat	Entry Rug	Hallway Rug	Kitchen Rug	Patio Rug
Beds 	1	Beds price	Beds sale	Beds types	Beds size	Beds brands	Beds reviews	Beds stores	Beds deals	Beds quality	Beds materials
Chair	1	Desk	Table	Stool	Bench	Seat	Couch	Recliner	Ottoman	Lounger	Armchair
Cotton Rug	1	Wool Carpet	Silk Mat	Jute Runner	Hemp Tapestry	Bamboo Mat	Linen Rug	Sisal Carpet	Seagrass Mat	Chenille Rug	Velvet Runner
Dining Chair	1	Dining Seat	Eating Chair	Kitchen Chair	Bistro Chair	Cafe Chair	Dinner Chair	Meal Chair	Food Chair	Table Chair	Restaurant Chair
Gray Sectionals	1	Gray Sofas	Gray Couches	Gray Loveseats	Gray Recliners	Gray Ottomans	Gray Chaises	Gray Futons	Gray Settees	Gray Daybeds	Gray Benches
Indoor Rug	1	Area Carpet	Floor Mat	Home Rug	Living Rug	Room Carpet	Cozy Mat	Soft Rug	Plush Carpet	Indoor Mat	House Rug
Jute Rug	1	Cotton Mat	Wool Carpet	Silk Runner	Hemp Flooring	Bamboo Mat	Sisal Rug	Nylon Carpet	Seagrass Mat	Polyester Rug	Linen Runner
Kitchen Lighting	1	Pendant Lights	Under Cabinet	Recessed Lighting	Track Lights	LED Strips	Ceiling Fixtures	Task Lighting	Ambient Light	Accent Lights	Dimmable Options
LED Lighting	1	LED Bulbs	LED Fixtures	LED Panels	LED Strips	LED Lamps	LED Tubes	LED Floodlights	LED Downlights	LED Spotlights	LED Chandeliers
Lighting 	1	Lighting options	Lighting fixtures	Lighting design	Lighting trends	Lighting ideas	Lighting solutions	Lighting styles	Lighting tips	Lighting brands	Lighting types
Linen	1	Linen sheets	Linen fabric	Linen dress	Linen pants	Linen shirt	Linen duvet	Linen napkins	Linen towels	Linen curtains	Linen jacket
Metal Bed	1	Wooden Bed	Iron Bed	Steel Bed	Queen Bed	King Bed	Twin Bed	Loft Bed	Bunk Bed	Sofa Bed	Day Bed
Metal Chair	1	Steel Seat	Iron Stool	Alloy Bench	Chrome Chair	Brass Seat	Copper Stool	Titanium Bench	Aluminum Chair	Nickel Seat	Zinc Stool
Office Lighting	1	Desk Lamps	Task Lights	Ambient Light	LED Panels	Floor Lamps	Light Fixtures	Ceiling Lights	Wall Sconces	Pendant Lights	Smart Bulbs
Outdoor Chair	1	Patio Seat	Garden Stool	Deck Lounger	Lawn Recliner	Porch Bench	Terrace Chair	Yard Rocker	Balcony Seat	Poolside Chair	Camping Stool
Outdoor Lighting	1	Garden Lights	Patio Illumination	Yard Lighting	Deck Lights	Pathway Lights	Landscape Lighting	Porch Lights	Driveway Lights	Exterior Lights	Backyard Lighting
Outdoor Pillow	1	Patio Cushion	Garden Pillow	Deck Cushion	Porch Pillow	Lawn Cushion	Terrace Pillow	Yard Cushion	Balcony Pillow	Pool Cushion	Veranda Pillow
Outdoor Sectional	1	Patio Sofa	Garden Couch	Deck Seating	Terrace Lounge	Backyard Set	Porch Furniture	Lawn Sectional	Outdoor Sofa	Poolside Couch	Veranda Seating
Pendulum Lighting	1	Pendant Lights	Hanging Lamps	Ceiling Fixtures	Modern Chandeliers	Light Pendants	Suspended Lights	Drop Lighting	Overhead Lamps	Decorative Lights	Contemporary Fixtures
Rugs 	1	Persian Rugs	Modern Rugs	Wool Rugs	Area Rugs	Outdoor Rugs	Shag Rugs	Vintage Rugs	Jute Rugs	Silk Rugs	Kids Rugs
Sectional 4 Piece	1	Modular Sofa	Sectional Couch	4-Piece Set	Sofa Set	Modular Sectional	Sectional Furniture	4-Piece Sofa	Sectional Set	Modular Couch	Sofa Sectional
Sectional 5 Piece	1	Modular Sofa	Sectional Couch	5-Piece Set	Modular Sectional	Sofa Set	Sectional Furniture	5-Piece Sofa	Modular Seating	Sectional Lounge	5-Piece Couch
Sectionals 	1	Sofas	Couches	Recliners	Loveseats	Ottomans	Futons	Chaises	Daybeds	Settees	Divans
Sofa Pillow	1	Couch Cushion	Lounge Pillow	Seat Cushion	Sofa Cushion	Chair Pillow	Bed Pillow	Recliner Cushion	Loveseat Pillow	Sectional Cushion	Ottoman Pillow
Upholstered Bed	1	Leather Sofa	Wooden Table	Metal Chair	Glass Desk	Fabric Couch	Velvet Ottoman	Bamboo Bench	Plastic Stool	Rattan Shelf	Marble Dresser
Valvet Bed	1	Velvet Couch	Silk Sheets	Leather Sofa	Cotton Quilt	Linen Blanket	Wool Rug	Satin Pillow	Plush Mattress	Bamboo Chair	Suede Ottoman
Wood Chair	1	Metal Table	Glass Desk	Plastic Stool	Leather Sofa	Bamboo Bench	Marble Counter	Fabric Ottoman	Stone Shelf	Velvet Couch	Wicker Loveseat
WovenRug	1	WovenMat	WovenCarpet	WovenTextile	WovenFabric	WovenTapestry	WovenRunner	WovenThrow	WovenBlanket	WovenCover	WovenCushion
accent chair	1	Lounge chair	Armchair	Club chair	Wingback chair	Barrel chair	Slipper chair	Reading chair	Side chair	Occasional chair	Easy chair
advent	1	Advent calendar	Advent season	Advent traditions	Advent wreath	Advent candles	Advent prayers	Advent hymns	Advent readings	Advent activities	Advent history
advent calendar	1	Holiday countdown	Festive calendar	Christmas countdown	Yuletide calendar	Seasonal calendar	Winter countdown	Holiday planner	Festive countdown	Christmas planner	Yuletide countdown
advent calendars	1	Christmas countdown	Holiday calendars	Festive countdowns	Seasonal calendars	Winter countdowns	Yuletide calendars	December calendars	Xmas countdowns	Holiday countdowns	Christmas calendars
air conditioner	1	Portable AC	Window unit	Split system	HVAC unit	Cooling fan	Mini-split	Central air	Ductless AC	Smart AC	Energy-efficient
antique chair	1	Vintage table	Retro sofa	Classic lamp	Old clock	Rustic bench	Period desk	Heirloom dresser	Ancient vase	Historic mirror	Timeless cabinet
apron	1	bib	smock	pinafore	tabard	coverall	tunic	frock	vest	overall	uniform
area rug	1	carpet size	rug dimensions	floor mat	room rug	large rug	rug size	area mat	rug shape	rug type	rug color
bahlsen	1	Bahlsen products	Bahlsen cookies	Bahlsen biscuits	Bahlsen snacks	Bahlsen treats	Bahlsen wafers	Bahlsen cakes	Bahlsen crackers	Bahlsen sweets	Bahlsen desserts
bar cart	1	Wine rack	Drink trolley	Liquor cabinet	Beverage station	Cocktail table	Spirits shelf	Mini bar	Drink stand	Alcohol cart	Party cart
bar soap	1	Hand sanitizer	Body wash	Face scrub	Hair shampoo	Dish soap	Laundry detergent	Bath salts	Shaving cream	Foot scrub	Liquid soap
barstool	1	Barstool height	Barstool material	Barstool design	Barstool color	Barstool price	Barstool style	Barstool brand	Barstool weight	Barstool comfort	Barstool features
basket	1	Basket size	Basket price	Basket color	Basket material	Basket weight	Basket design	Basket handle	Basket capacity	Basket brand	Basket type
bath mat	1	Shower curtain	Towel rack	Soap dispenser	Toilet brush	Bathrobe hook	Bath towel	Shower caddy	Bath rug	Toothbrush holder	Bath scale
bath towel	1	Beach towel	Hand towel	Face towel	Kitchen towel	Gym towel	Spa towel	Pool towel	Travel towel	Baby towel	Yoga towel
bathroom lighting	1	Vanity lights	Ceiling fixtures	Wall sconces	LED options	Task lighting	Ambient lights	Mirror lights	Recessed lights	Pendant lights	Dimmer switches
beds	1	King size	Twin beds	Bunk beds	Loft beds	Sofa beds	Day beds	Trundle beds	Murphy beds	Canopy beds	Platform beds
bench	1	Bench press	Bench weight	Bench height	Bench design	Bench material	Bench strength	Bench cost	Bench color	Bench type	Bench size
blanket	1	cover	throw	quilt	duvet	comforter	shawl	wrap	afghan	fleece	spread
bonne maman	1	Bonne Maman	Bonne Maman jam	Bonne Maman jelly	Bonne Maman preserves	Bonne Maman marmalade	Bonne Maman spread	Bonne Maman fruit	Bonne Maman flavors	Bonne Maman ingredients	Bonne Maman reviews
books	1	Best books	Top novels	Classic literature	Must-read	Popular fiction	New releases	Book genres	Award winners	Book series	Reading list
bottle ice mold	1	bottle chiller	ice tray	mold maker	ice cube	bottle mold	ice form	mold tray	bottle freezer	ice maker	mold chiller
bowls	1	Ceramic bowls	Soup bowls	Salad bowls	Mixing bowls	Decorative bowls	Serving bowls	Wooden bowls	Porcelain bowls	Glass bowls	Stoneware bowls
brine	1	Brine concentration	Brine solution	Brine recipe	Brine uses	Brine storage	Brine benefits	Brine types	Brine preparation	Brine ingredients	Brine effects
british	1	limit	cap	peak	top	ceiling	bound	extent	threshold	upper	zenith
calendar	1	schedule	planner	agenda	events	timeline	diary	dates	timetable	itinerary	program
candle	1	Candle scent	Candle size	Candle color	Candle price	Candle type	Candle brand	Candle holder	Candle wax	Candle shop	Candle gift
candle holder	1	Candle stand	Wax holder	Tealight base	Candle tray	Flame holder	Candle pedestal	Candle mount	Candle base	Candle support	Candle platform
candle holders	1	Candle stands	Candle bases	Candle trays	Candle mounts	Candle pedestals	Candle supports	Candle platforms	Candle brackets	Candle fixtures	Candle racks
candle sticks	1	Candle holders	Wax candles	Scented candles	Taper candles	Pillar candles	Candle sets	Candle accessories	Candle stands	Candle jars	Candle molds
candles	1	Scented candles	Soy candles	Beeswax candles	Pillar candles	Votive candles	Taper candles	Tealight candles	Floating candles	Decorative candles	Aromatherapy candles
candy	1	Candy types	Candy flavors	Candy brands	Candy recipes	Candy stores	Candy history	Candy sales	Candy trends	Candy gifts	Candy events
carburator	1	Carburetor adjustment	Carburetor cleaning	Carburetor rebuild	Carburetor tuning	Carburetor types	Carburetor issues	Carburetor parts	Carburetor replacement	Carburetor function	Carburetor maintenance
cat	1	behavior	diet	lifespan	breeds	care	health	toys	grooming	training	adoption
chair	1	Chair height	Chair material	Chair color	Chair design	Chair comfort	Chair price	Chair brand	Chair style	Chair weight	Chair features
chair cushion	1	Sofa pillow	Seat pad	Bench cushion	Lounge pillow	Patio cushion	Dining pad	Office cushion	Floor pillow	Garden pad	Recliner cushion
chairs	1	Office chairs	Dining chairs	Wooden chairs	Folding chairs	Gaming chairs	Patio chairs	Lounge chairs	Bar chairs	Rocking chairs	Recliner chairs
charcuterie board	1	Cheese platter	Meat tray	Snack board	Grazing table	Appetizer spread	Party platter	Tasting board	Food display	Nibbles board	Hors d'oeuvres
cheese	1	Cheese types	Cheese recipes	Cheese storage	Cheese pairing	Cheese nutrition	Cheese history	Cheese varieties	Cheese benefits	Cheese making	Cheese brands
cheese board	1	Charcuterie platter	Cheese tray	Snack board	Appetizer spread	Gourmet board	Cheese plate	Tasting board	Party platter	Cheese selection	Grazing board
chemex coffee filters	1	Chemex filters	Coffee filters	Chemex brewing	Chemex papers	Filter papers	Chemex accessories	Coffee papers	Chemex supplies	Brewing filters	Chemex sheets
chemex filters	1	Chemex papers	Filter types	Chemex options	Coffee filters	Chemex brands	Filter sizes	Chemex quality	Filter alternatives	Chemex accessories	Filter comparison
chocolate	1	Chocolate brands	Chocolate recipes	Chocolate types	Chocolate benefits	Chocolate history	Chocolate desserts	Chocolate calories	Chocolate drinks	Chocolate gifts	Chocolate festivals
chocolate advent calendar	1	chocolate gifts	holiday treats	festive sweets	cocoa delights	seasonal chocolates	candy countdown	gourmet chocolates	sweet surprises	chocolate boxes	holiday confections
chocolate bar	1	Dark chocolate	Milk chocolate	White chocolate	Chocolate truffle	Chocolate candy	Chocolate fudge	Chocolate treat	Chocolate snack	Chocolate bites	Chocolate squares
chopsticks	1	Chopsticks use	Chopsticks etiquette	Chopsticks history	Chopsticks types	Chopsticks material	Chopsticks origin	Chopsticks length	Chopsticks cleaning	Chopsticks brands	Chopsticks alternatives
christmas candy	1	Holiday sweets	Festive treats	Yuletide confections	Xmas goodies	Winter candies	Seasonal sweets	Christmas chocolates	Holiday bonbons	Festive candies	Xmas treats
christmas chocolate	1	Holiday treats	Festive sweets	Xmas candy	Winter confections	Yuletide desserts	Seasonal chocolates	Christmas goodies	Holiday candies	Festive chocolates	Xmas treats
christmas cookies	1	Holiday treats	Festive baking	Yuletide sweets	Winter confections	Seasonal desserts	Xmas biscuits	Noel pastries	Santa snacks	Jolly goodies	Merry munchies
christmas food	1	Holiday recipes	Festive dishes	Yuletide treats	Seasonal cuisine	Winter meals	Christmas dinner	Holiday snacks	Festive desserts	Christmas baking	Holiday feasts
christmas mug	1	Holiday cup	Festive mug	Xmas tumbler	Winter mug	Santa cup	Jolly mug	Noel mug	Yuletide cup	Merry mug	Snowy mug
christmas ornaments set	1	Holiday decor	Festive baubles	Tree decorations	Xmas trimmings	Ornament collection	Seasonal adornments	Yuletide embellishments	Winter ornaments	Holiday trinkets	Christmas baubles
christmas stocking	1	Holiday sock	Festive stocking	Xmas sock	Yuletide stocking	Santa sock	Noel stocking	Winter sock	Merry stocking	Jolly sock	Cheer stocking
christmas stocking stuffers	1	Holiday gifts	Festive treats	Stocking fillers	Xmas surprises	Seasonal goodies	Yuletide presents	Winter trinkets	Merry tokens	Jolly knickknacks	Cheerful items
christmas tree	1	Christmas lights	Holiday decor	Festive ornaments	Tree topper	Pine garland	Seasonal wreath	Winter decorations	Yuletide trimmings	Evergreen boughs	Tinsel strands
christmas wrapping paper	1	Holiday wrap	Festive paper	Gift wrap	Xmas paper	Wrapping sheets	Seasonal wrap	Present paper	Decorative wrap	Christmas sheets	Holiday paper
cigarette	1	Cigarette brands	Cigarette prices	Cigarette types	Cigarette effects	Cigarette addiction	Cigarette health	Cigarette laws	Cigarette alternatives	Cigarette history	Cigarette ingredients
clearly canadian	1	Clearly Canadian	Sparkling Water	Flavored Water	Canadian Beverage	Natural Drink	Fruit Essence	Refreshing Drink	Canadian Soda	Healthy Beverage	Carbonated Water
cloth napkin	1	Linen serviette	Fabric napkin	Cotton napkin	Dinner napkin	Table napkin	Reusable napkin	Elegant napkin	Decorative napkin	Eco-friendly napkin	Soft napkin
cloth napkins	1	Linen napkins	Cotton napkins	Fabric napkins	Reusable napkins	Dinner napkins	Table napkins	Elegant napkins	Wedding napkins	Eco napkins	Fancy napkins
co alarm	1	CO detector	Carbon alarm	CO sensor	Gas monitor	CO alert	CO warning	CO gauge	CO notifier	CO device	CO safety
coasters	1	Drink mats	Table pads	Cup rests	Beverage mats	Drink pads	Mug mats	Glass coasters	Bar coasters	Drink coasters	Table coasters
cocoa	1	Cocoa benefits	Cocoa powder	Cocoa recipes	Cocoa nutrition	Cocoa drinks	Cocoa beans	Cocoa butter	Cocoa health	Cocoa desserts	Cocoa uses
coffee	1	Coffee types	Coffee benefits	Coffee origins	Coffee recipes	Coffee brands	Coffee shops	Coffee brewing	Coffee beans	Coffee culture	Coffee trends
coffee table	1	Wooden table	Dining table	Glass table	Side table	End table	Round table	Metal table	Office table	Study table	Patio table
coffee tableheader search_term	1	Coffee table	Coffee stand	Coffee holder	Coffee rack	Coffee shelf	Coffee cart	Coffee bench	Coffee console	Coffee unit	Coffee station
console table	1	Console desk	Gaming table	Media console	TV stand	Sofa table	Entry table	Hall table	Accent table	Sideboard	Buffet table
cookie jar	1	cookie container	biscuit tin	treat box	snack jar	sweet jar	dessert jar	candy jar	pastry jar	munchies jar	goodies jar
cookies	1	recipe	calories	ingredients	nutrition	brands	types	flavors	history	benefits	storage
cotton rug	1	Wool carpet	Silk mat	Jute runner	Hemp rug	Bamboo mat	Linen carpet	Sisal rug	Nylon mat	Polyester rug	Velvet carpet
counter stool	1	Bar stool	Kitchen stool	Dining stool	Breakfast stool	High stool	Swivel stool	Wooden stool	Metal stool	Adjustable stool	Modern stool
coupe	1	sedan	convertible	hatchback	SUV	truck	wagon	hybrid	electric	luxury	sports
crackers	1	Cheese crackers	Saltine crackers	Wheat crackers	Gluten-free crackers	Spicy crackers	Sweet crackers	Gourmet crackers	Vegan crackers	Low-carb crackers	Organic crackers
cutting board	1	Chopping block	Carving board	Kitchen slab	Butcher block	Food prep	Slicing board	Cooking board	Chef's board	Cutting slab	Prep board
dark chocolate	1	Dark cocoa	Bitter chocolate	Chocolate noir	Intense chocolate	Rich cocoa	Pure chocolate	Deep chocolate	Dark cacao	Black chocolate	Strong cocoa
decorations	1	Wall art	Table centerpieces	Party banners	Balloon arches	Floral arrangements	Candle holders	String lights	Curtain drapes	Wreath designs	Garland ideas
desk	1	Desk height	Desk width	Desk material	Desk color	Desk weight	Desk price	Desk style	Desk brand	Desk features	Desk assembly
desk chair	1	Office chair	Work chair	Study chair	Task chair	Ergonomic chair	Computer chair	Rolling chair	Swivel chair	Adjustable chair	Executive chair
dining chair	1	Dining seat	Eating chair	Kitchen chair	Bistro chair	Cafe chair	Dinner chair	Food chair	Meal chair	Table chair	Bistro seat
dining table	1	Coffee table	Office desk	Bed frame	Sofa set	TV stand	Book shelf	Patio chair	Bar stool	Night stand	Wardrobe closet
dinner plates	1	Ceramic dishes	Tableware sets	Porcelain plates	Serving platters	Stoneware dishes	Fine china	Dinnerware collections	Plate sets	Dish sets	Kitchen plates
dinnerware set	1	Tableware collection	Dishware bundle	Plate ensemble	Crockery kit	Dining set	Mealware pack	Service set	Dinner kit	Eating set	Foodware set
dinosaur	1	Dinosaur size	Dinosaur diet	Dinosaur fossils	Dinosaur extinction	Dinosaur species	Dinosaur habitat	Dinosaur period	Dinosaur lifespan	Dinosaur behavior	Dinosaur evolution
dishes	1	recipe	ingredients	preparation	cooking	cuisine	flavor	garnish	serving	pairing	origin
dog	1	Dog breed	Dog training	Dog food	Dog health	Dog toys	Dog grooming	Dog behavior	Dog adoption	Dog care	Dog exercise
door mat	1	Welcome mat	Entry rug	Floor mat	Doormat	Entrance mat	Outdoor mat	Indoor mat	Front mat	House mat	Patio mat
doormat	1	rug	mat	carpet	runner	welcome	entryway	floormat	threshold	entrance	doorway
drinking glasses	1	Wine glasses	Cocktail glasses	Whiskey tumblers	Beer mugs	Shot glasses	Juice glasses	Water goblets	Martini glasses	Champagne flutes	Highball glasses
elephant	1	Elephant size	Elephant diet	Elephant habitat	Elephant lifespan	Elephant behavior	Elephant species	Elephant tusks	Elephant conservation	Elephant migration	Elephant intelligence
enamel pin	1	Lapel badge	Brooch pin	Button pin	Hat pin	Pin badge	Metal pin	Custom pin	Collectible pin	Souvenir pin	Fashion pin
engine oil	1	Best oil	Oil type	Oil brands	Oil grade	Oil change	Oil lifespan	Oil viscosity	Oil quality	Oil price	Oil benefits
entity_value	1	location	age	height	weight	birthday	spouse	children	career	net worth	nationality
eucalyptus	1	Eucalyptus benefits	Eucalyptus oil	Eucalyptus uses	Eucalyptus leaves	Eucalyptus tree	Eucalyptus tea	Eucalyptus scent	Eucalyptus allergy	Eucalyptus care	Eucalyptus growth
face mask	1	Hand sanitizer	Social distancing	Vaccine efficacy	COVID symptoms	Travel restrictions	Quarantine rules	Testing sites	Remote work	Online learning	Health guidelines
fire extinguisher	1	Fire safety	Extinguisher type	Fire prevention	Safety equipment	Fire hazards	Emergency response	Fire protection	Extinguisher use	Fire control	Safety protocols
firealarm	1	Smoke detector	Fire alert	Alarm system	Safety alarm	Emergency signal	Hazard warning	Fire sensor	Alert device	Safety signal	Fire warning
flatware	1	Cutlery types	Silverware sets	Utensil brands	Tableware options	Dinnerware styles	Forks varieties	Knives selection	Spoons designs	Serving tools	Kitchen utensils
floor lamp	1	Table lamp	Desk lamp	Wall sconce	Pendant light	Ceiling light	Reading lamp	Bedside lamp	Night light	Task light	Accent lamp
foam bed	1	Memory foam	Foam mattress	Foam topper	Foam cushion	Foam pad	Foam bedding	Foam support	Foam comfort	Foam layer	Foam sleep
frame	1	size	dimensions	capacity	weight	material	color	design	features	price	warranty
frames	1	dimensions	size	resolution	aspect ratio	width	height	format	specs	details	properties
furniture	1	Sofa dimensions	Chair styles	Table materials	Bed sizes	Desk types	Couch colors	Wardrobe options	Shelf designs	Cabinet finishes	Ottoman shapes
furniture metal	1	Metal chairs	Steel tables	Iron benches	Metal stools	Aluminum desks	Brass shelves	Copper cabinets	Metal racks	Steel beds	Iron frames
furniture sliders	1	Carpet gliders	Floor protectors	Moving pads	Glide discs	Furniture glides	Slider pads	Chair sliders	Sofa movers	Table sliders	Appliance gliders
games	1	Best games	Top games	Fun games	New games	Free games	Popular games	Online games	Mobile games	PC games	Console games
garland	1	Garland size	Garland type	Garland color	Garland price	Garland material	Garland length	Garland design	Garland usage	Garland brand	Garland availability
german	1	Höhe	Gewicht	Alter	Größe	Preis	Farbe	Marke	Modell	Typ	Datum
german chocolate	1	German sweets	Chocolate brands	German desserts	Chocolate types	German treats	Chocolate recipes	German candies	Chocolate flavors	German confections	Chocolate varieties
german food	1	Bratwurst	Sauerkraut	Schnitzel	Pretzel	Spätzle	Rouladen	Currywurst	Kartoffelsalat	Sauerbraten	Apfelstrudel
gift bag	1	Party favor	Event swag	Goodie bag	Treat pouch	Gift pouch	Swag bag	Prize sack	Loot bag	Giveaway bag	Token bag
gift bags	1	Party favors	Tote bags	Gift boxes	Wrapping paper	Present bags	Gift pouches	Favor bags	Gift totes	Gift wrap	Gift sacks
gift basket	1	Gourmet hamper	Luxury basket	Holiday bundle	Snack assortment	Treat package	Festive crate	Wellness box	Celebration kit	Specialty set	Surprise bundle
gift wrap	1	Present wrapping	Gift packaging	Wrap service	Package wrap	Wrapping options	Gift cover	Wrap gifts	Package service	Gift wrap	Wrapping help
ginger cookies	1	Ginger snaps	Ginger biscuits	Ginger treats	Ginger delights	Ginger sweets	Ginger crunch	Ginger munchies	Ginger nibbles	Ginger bites	Ginger goodies
ginger snaps	1	Ginger cookies	Ginger biscuits	Ginger treats	Ginger crunch	Ginger delights	Ginger sweets	Ginger munchies	Ginger nibbles	Ginger bites	Ginger goodies
gingerbread	1	Gingerbread recipe	Gingerbread house	Gingerbread cookies	Gingerbread man	Gingerbread cake	Gingerbread latte	Gingerbread mix	Gingerbread frosting	Gingerbread spices	Gingerbread dough
gingerbread house kit	1	Cookie kit	Baking set	Candy house	Holiday kit	Festive kit	Sweet house	Dessert kit	Ginger kit	House kit	Treat kit
glass vase	1	Ceramic pot	Metal sculpture	Wooden bowl	Stone statue	Porcelain dish	Crystal decanter	Bronze figurine	Marble bust	Clay jar	Silver tray
glasses	1	Sunglasses	Eyewear	Spectacles	Shades	Goggles	Readers	Bifocals	Lenses	Frames	Optics
glassware	1	Glass types	Glass designs	Glass colors	Glass sizes	Glass brands	Glass sets	Glass quality	Glass prices	Glass uses	Glass care
gnome	1	install	update	settings	themes	extensions	version	shortcuts	wallpaper	apps	tweaks
gold	1	Gold price	Gold value	Gold rate	Gold cost	Gold worth	Gold market	Gold trend	Gold forecast	Gold investment	Gold demand
gray sectional	1	Gray sofa	Gray couch	Gray loveseat	Gray recliner	Gray chaise	Gray futon	Gray settee	Gray divan	Gray ottoman	Gray bench
guittard	1	Guittard chocolate	Guittard reviews	Guittard recipes	Guittard cocoa	Guittard chips	Guittard bars	Guittard baking	Guittard products	Guittard history	Guittard store
gumboot	1	Gumboot size	Gumboot price	Gumboot color	Gumboot brand	Gumboot material	Gumboot style	Gumboot sale	Gumboot reviews	Gumboot store	Gumboot fit
h2o	1	H2O formula	H2O structure	H2O properties	H2O uses	H2O density	H2O boiling	H2O freezing	H2O molecule	H2O bond	H2O polarity
hamsa	1	Hamsa meaning	Hamsa symbol	Hamsa origin	Hamsa tattoo	Hamsa jewelry	Hamsa hand	Hamsa art	Hamsa protection	Hamsa design	Hamsa history
hand soap	1	Dish soap	Body wash	Face cleanser	Laundry detergent	Shampoo	Surface cleaner	Hand sanitizer	Bath gel	Hair conditioner	Foot scrub
haribo	1	Haribo flavors	Haribo calories	Haribo ingredients	Haribo vegan	Haribo halal	Haribo gluten-free	Haribo history	Haribo types	Haribo nutrition	Haribo reviews
heavy double old fashion	1	Heavy vintage	Double antique	Old classic	Heavy retro	Double vintage	Old-fashioned	Heavy antique	Double classic	Old retro	Heavy classic
hello kitty	1	Cute cat	Adorable feline	Kitty plush	Sweet kitten	Cartoon cat	Pink kitty	Kitty merch	Cat character	Kitty toys	Feline friend
highball glasses set	1	Whiskey tumblers	Cocktail glasses	Martini set	Wine goblets	Beer mugs	Shot glasses	Brandy snifters	Champagne flutes	Juice glasses	Tequila set
honey	1	Honey benefits	Honey types	Honey recipes	Honey storage	Honey nutrition	Honey substitutes	Honey allergies	Honey production	Honey uses	Honey origin
hot chocolate	1	Iced coffee	Green tea	Black tea	Herbal tea	Chai latte	Matcha latte	Mocha drink	Vanilla latte	Caramel macchiato	Espresso shot
hot cocoa	1	Hot chocolate	Cocoa drink	Warm cocoa	Chocolate beverage	Cocoa mix	Hot beverage	Cocoa powder	Chocolate mix	Warm drink	Cocoa recipe
hot sauce	1	Spicy condiment	Chili sauce	Pepper sauce	Fiery dip	Heat sauce	Zesty sauce	Tangy heat	Hot relish	Piquant sauce	Sizzling sauce
hurricane	1	Hurricane strength	Hurricane path	Hurricane season	Hurricane damage	Hurricane forecast	Hurricane impact	Hurricane history	Hurricane names	Hurricane safety	Hurricane formation
india	1	India GDP	India population	India culture	India economy	India politics	India tourism	India history	India cuisine	India festivals	India education
indoor rug	1	Area carpet	Floor mat	Home rug	Living rug	Room carpet	Cozy mat	Soft rug	Plush carpet	Indoor mat	House rug
inverter	1	Inverter specs	Inverter cost	Inverter types	Inverter brands	Inverter size	Inverter power	Inverter efficiency	Inverter lifespan	Inverter noise	Inverter warranty
italian	1	prezzo	costo	qualità	recensioni	opinioni	sconto	offerte	confronto	caratteristiche	disponibilità
italy	1	Italy weather	Italy cuisine	Italy landmarks	Italy culture	Italy travel	Italy history	Italy fashion	Italy wine	Italy art	Italy festivals
jam	1	recipe	benefits	nutrition	calories	types	brands	storage	uses	history	substitutes
japan	1	Japan culture	Japan cuisine	Japan travel	Japan history	Japan festivals	Japan language	Japan economy	Japan technology	Japan fashion	Japan art
jute rug	1	Cotton mat	Wool carpet	Silk runner	Hemp flooring	Bamboo mat	Sisal rug	Linen carpet	Grass mat	Seagrass rug	Coir mat
kid	1	height	age	school	hobbies	friends	grade	sports	favorite	birthday	parents
kids	1	activities	games	toys	books	crafts	songs	movies	puzzles	shows	snacks
kinder chocolate	1	Kinder bars	Kinder treats	Kinder snacks	Kinder sweets	Kinder candy	Kinder goodies	Kinder bites	Kinder delights	Kinder confections	Kinder minis
kit kat	1	Snickers	Twix	Milky Way	Reese's	M&M's	Hershey's	Mars Bar	Butterfinger	Baby Ruth	Almond Joy
kitchen lighting	1	Pendant lights	Under-cabinet	Recessed fixtures	Track lighting	LED strips	Task lights	Ambient lighting	Ceiling fixtures	Island lights	Dimmable options
kitchen towel	1	Dish cloth	Hand towel	Tea towel	Cleaning rag	Drying cloth	Washcloth	Paper towel	Microfiber towel	Dish rag	Bar towel
kitkat	1	KitKat flavors	KitKat calories	KitKat ingredients	KitKat history	KitKat varieties	KitKat nutrition	KitKat recipes	KitKat reviews	KitKat packaging	KitKat promotions
lamp	1	Desk lamp	Floor lamp	Table lamp	Lamp shade	Lamp base	Lamp repair	Lamp styles	Lamp types	Lamp bulbs	Lamp design
lamp shade	1	Light cover	Shade color	Lamp design	Shade size	Lamp material	Shade style	Light fixture	Lamp type	Shade fabric	Lamp base
laptop table	1	Desk dimensions	Table height	Laptop stand	Workstation size	Desk material	Table weight	Laptop desk	Table width	Desk color	Table design
lebkuchen	1	Lebkuchen recipe	Lebkuchen ingredients	Lebkuchen calories	Lebkuchen origin	Lebkuchen history	Lebkuchen types	Lebkuchen brands	Lebkuchen storage	Lebkuchen nutrition	Lebkuchen substitutes
led lighting	1	LED bulbs	LED strips	LED panels	LED fixtures	LED lamps	LED floodlights	LED downlights	LED tubes	LED spotlights	LED chandeliers
lighting	1	Lighting options	Lighting fixtures	Lighting design	Lighting trends	Lighting ideas	Lighting tips	Lighting styles	Lighting solutions	Lighting brands	Lighting types
lindt	1	Lindt chocolate	Lindt truffles	Lindt bars	Lindt flavors	Lindt recipes	Lindt stores	Lindt reviews	Lindt gifts	Lindt sale	Lindt history
linen	1	limit	cap	threshold	boundary	ceiling	upper bound	restriction	constraint	max	top
llama	1	llama height	llama weight	llama diet	llama habitat	llama lifespan	llama behavior	llama wool	llama care	llama breeds	llama uses
lotus	1	Lotus flower	Lotus car	Lotus yoga	Lotus notes	Lotus seeds	Lotus pond	Lotus tattoo	Lotus meaning	Lotus position	Lotus root
madesmart	1	madesmart organizer	madesmart tray	madesmart bin	madesmart caddy	madesmart drawer	madesmart shelf	madesmart divider	madesmart container	madesmart rack	madesmart holder
mandalorian	1	Mandalorian cast	Mandalorian plot	Mandalorian episodes	Mandalorian season	Mandalorian trailer	Mandalorian review	Mandalorian characters	Mandalorian timeline	Mandalorian quotes	Mandalorian merchandise
marble	1	Marble price	Marble types	Marble colors	Marble suppliers	Marble quality	Marble patterns	Marble finishes	Marble slabs	Marble tiles	Marble care
marzipan	1	Marzipan recipe	Marzipan ingredients	Marzipan calories	Marzipan origin	Marzipan uses	Marzipan brands	Marzipan storage	Marzipan substitutes	Marzipan desserts	Marzipan history
masks	1	Face coverings	Protective gear	Safety masks	Respirator masks	Medical masks	Cloth masks	Surgical masks	N95 masks	Mask types	Mask usage
measuring cups	1	Baking tools	Cooking spoons	Mixing bowls	Kitchen scales	Measuring spoons	Food processors	Cutting boards	Whisk sets	Rolling pins	Pastry brushes
measuring spoons	1	Baking tools	Cooking gadgets	Kitchen scales	Mixing bowls	Spice jars	Food thermometers	Measuring cups	Pastry brushes	Whisk sets	Cutting boards
melissa and doug	1	Melissa toys	Doug puzzles	Melissa crafts	Doug games	Melissa dolls	Doug blocks	Melissa sets	Doug kits	Melissa playsets	Doug figures
metal bed	1	Steel frame	Iron bed	Metal bunk	Alloy bed	Metal cot	Metal base	Metal headboard	Metal platform	Metal slats	Metal mattress
metal chair	1	Steel stool	Iron seat	Alloy bench	Metal stool	Aluminum chair	Copper seat	Brass bench	Tin stool	Steel chair	Iron bench
mini	1	height	age	weight	spouse	movies	songs	awards	net worth	birthday	children
mirror	1	reflection	duplicate	reverse	twin	copy	mimic	echo	shadow	replica	counterpart
modular sectional	1	Modular sofa	Sectional couch	Modular seating	Sectional furniture	Modular lounge	Sectional set	Modular pieces	Sectional design	Modular arrangement	Sectional layout
monoxide alarm	1	Smoke detector	Fire alarm	Gas sensor	Carbon monitor	Safety device	Hazard alert	Air quality	Leak detector	Emergency alarm	Toxic sensor
mug	1	price	size	color	material	brand	weight	capacity	design	reviews	availability
mugs	1	Ceramic mugs	Travel mugs	Coffee mugs	Custom mugs	Funny mugs	Large mugs	Unique mugs	Personalized mugs	Insulated mugs	Colorful mugs
napkin rings	1	Tablecloths	Candle holders	Wine glasses	Dinner plates	Serving trays	Cutlery sets	Salt shakers	Place mats	Coasters	Soup bowls
napkins	1	towels	linens	tissues	cloths	wipes	serviettes	rags	hankies	doilies	swabs
niederegger	1	Niederegger marzipan	Niederegger chocolates	Niederegger store	Niederegger products	Niederegger history	Niederegger recipes	Niederegger reviews	Niederegger gift	Niederegger quality	Niederegger ingredients
nutcracker	1	Nutcracker ballet	Nutcracker history	Nutcracker origin	Nutcracker uses	Nutcracker types	Nutcracker design	Nutcracker materials	Nutcracker symbolism	Nutcracker collection	Nutcracker crafts
office chair	1	Ergonomic chair	Desk seating	Swivel chair	Task chair	Executive chair	Mesh chair	Adjustable chair	Rolling chair	Office stool	Computer chair
office lighting	1	Desk lamps	Task lights	Ambient light	LED panels	Light fixtures	Ceiling lights	Floor lamps	Wall sconces	Natural light	Light intensity
oil dispenser	1	Oil container	Oil pourer	Oil bottle	Oil sprayer	Oil jug	Oil cruet	Oil pump	Oil canister	Oil vessel	Oil decanter
olive oil	1	Olive benefits	Oil types	Olive uses	Oil nutrition	Olive recipes	Oil brands	Olive storage	Oil extraction	Olive varieties	Oil quality
olives	1	Olive oil	Green olives	Black olives	Olive types	Olive recipes	Olive benefits	Olive nutrition	Olive varieties	Olive trees	Olive harvest
ottoman	1	Ottoman history	Ottoman Empire	Ottoman culture	Ottoman sultans	Ottoman architecture	Ottoman decline	Ottoman military	Ottoman trade	Ottoman art	Ottoman legacy
ottoman sectional	1	Ottoman couch	Sectional sofa	Modular seating	Ottoman set	Sectional lounge	Ottoman furniture	Sectional pieces	Ottoman design	Sectional layout	Ottoman styles
ourdoor chair	1	Patio furniture	Garden seat	Deck chair	Lawn chair	Porch chair	Camping chair	Beach chair	Terrace chair	Balcony chair	Poolside chair
outdoor chair	1	Patio seat	Garden stool	Deck lounger	Lawn recliner	Terrace bench	Porch rocker	Yard armchair	Balcony chaise	Poolside chair	Camping seat
outdoor lighting	1	Garden lights	Patio lighting	Pathway lights	Deck lighting	Yard illumination	Porch lights	Driveway lights	Landscape lighting	Exterior lights	Security lighting
outdoor pillow	1	Patio cushion	Garden seat	Deck pillow	Porch cushion	Lawn pillow	Poolside cushion	Terrace pillow	Balcony cushion	Yard pillow	Outdoor cushion
outdoor sectional	1	Patio sofa	Garden couch	Deck seating	Terrace lounge	Balcony set	Porch furniture	Yard sectional	Outdoor loveseat	Poolside sofa	Alfresco seating
pancake mix	1	Waffle mix	Cake mix	Muffin mix	Brownie mix	Cookie mix	Bread mix	Biscuit mix	Crepe mix	Scone mix	Donut mix
panettone	1	Panettone recipe	Panettone calories	Panettone origin	Panettone ingredients	Panettone brands	Panettone history	Panettone variations	Panettone storage	Panettone nutrition	Panettone price
papasan	1	Papasan chair	Papasan cushion	Papasan frame	Papasan cover	Papasan base	Papasan swivel	Papasan replacement	Papasan outdoor	Papasan set	Papasan sale
papasan chair	1	Papasan cushion	Papasan frame	Papasan size	Papasan material	Papasan color	Papasan cover	Papasan price	Papasan weight	Papasan style	Papasan brand
pasta	1	Pasta recipes	Pasta types	Pasta sauces	Pasta dishes	Pasta calories	Pasta brands	Pasta shapes	Pasta nutrition	Pasta history	Pasta cooking
pendant shade	1	Pendant light	Hanging lamp	Ceiling fixture	Light pendant	Drop light	Suspended lamp	Pendant fixture	Hanging shade	Ceiling pendant	Drop fixture
pendulum lighting	1	Pendant lights	Hanging lamps	Ceiling pendants	Light fixtures	Modern pendants	Industrial lights	Kitchen pendants	Dining lights	Contemporary lamps	Decorative pendants
peppermint	1	Peppermint benefits	Peppermint tea	Peppermint oil	Peppermint uses	Peppermint extract	Peppermint flavor	Peppermint leaves	Peppermint candy	Peppermint plant	Peppermint recipes
picture frame	1	Photo holder	Image display	Art mount	Picture border	Frame style	Art frame	Photo border	Image frame	Art display	Photo mount
pillar candle	1	Scented candle	Wax pillar	Candle holder	Tall candle	Decorative candle	Candle set	Large candle	Candle mold	Candle wax	Candle stand
pillar candles	1	Scented candles	Wax pillars	Tall candles	Candle sets	Large candles	Decorative candles	Candle holders	Pillar lights	Candle decor	Bulk candles
pillows	1	Soft pillows	Firm pillows	Pillow covers	Pillow types	Pillow sizes	Pillow brands	Pillow materials	Pillow care	Pillow prices	Pillow reviews
placemat	1	Table mat	Dining mat	Meal mat	Food mat	Dish mat	Plate mat	Eat mat	Dinner mat	Lunch mat	Breakfast mat
placemats	1	Table mats	Dining mats	Meal mats	Food mats	Kitchen mats	Dinner mats	Eating mats	Serving mats	Dish mats	Plate mats
plant stand	1	Flower holder	Pot rack	Garden shelf	Herb display	Planter shelf	Greenery stand	Plant shelf	Pot stand	Indoor rack	Plant holder
planter	1	pot	container	holder	vessel	box	bin	tub	crate	jar	basket
planters	1	Ceramic planters	Indoor planters	Outdoor planters	Hanging planters	Large planters	Small planters	Modern planters	Decorative planters	Succulent planters	Wooden planters
planters or pots for plants	1	Plant containers	Garden pots	Flower planters	Indoor pots	Outdoor planters	Decorative pots	Ceramic planters	Plastic pots	Hanging planters	Terracotta pots
plates	1	dishes	ceramics	platters	saucers	bowls	trays	chargers	crockery	tableware	serveware
popcorn	1	Popcorn calories	Popcorn recipe	Popcorn nutrition	Popcorn flavors	Popcorn brands	Popcorn seasoning	Popcorn benefits	Popcorn history	Popcorn types	Popcorn storage
pouf	1	Pouf size	Pouf color	Pouf material	Pouf price	Pouf style	Pouf shape	Pouf brand	Pouf cover	Pouf weight	Pouf usage
pudding	1	Pudding recipe	Pudding calories	Pudding flavors	Pudding ingredients	Pudding nutrition	Pudding brands	Pudding history	Pudding types	Pudding variations	Pudding toppings
puzzle	1	riddle	enigma	conundrum	mystery	brainteaser	challenge	quandary	problem	teaser	dilemma
puzzles	1	Sudoku	Crosswords	Jigsaw	Riddles	Anagrams	Mazes	Wordsearch	Cryptograms	Rebus	Tangrams
rainbow	1	Rainbow colors	Rainbow meaning	Rainbow formation	Rainbow facts	Rainbow symbolism	Rainbow science	Rainbow types	Rainbow myths	Rainbow spectrum	Rainbow weather
ramen	1	Ramen calories	Ramen recipe	Ramen nutrition	Ramen toppings	Ramen history	Ramen types	Ramen broth	Ramen brands	Ramen noodles	Ramen restaurants
ramune	1	Ramune flavors	Ramune price	Ramune origin	Ramune brands	Ramune ingredients	Ramune calories	Ramune history	Ramune bottle	Ramune types	Ramune reviews
rattan	1	Rattan furniture	Rattan chair	Rattan basket	Rattan sofa	Rattan decor	Rattan lamp	Rattan table	Rattan shelf	Rattan planter	Rattan mirror
rattan chair	1	wicker furniture	bamboo seat	cane stool	woven bench	reed lounger	straw recliner	natural ottoman	fiber armchair	eco-friendly sofa	rustic loveseat
redon detector	1	redon sensor	redon scanner	redon finder	redon tracker	redon locator	redon probe	redon searcher	redon identifier	redon analyzer	redon monitor
republic of tea	1	Tea flavors	Tea benefits	Herbal tea	Green tea	Tea recipes	Tea varieties	Tea origins	Tea brewing	Tea accessories	Tea culture
robe	1	length	material	color	size	price	brand	style	weight	care	fit
rug	1	Rug size	Rug color	Rug material	Rug price	Rug design	Rug texture	Rug pattern	Rug brand	Rug style	Rug care
rugs	1	Area rugs	Persian rugs	Modern rugs	Wool rugs	Shag rugs	Outdoor rugs	Vintage rugs	Round rugs	Jute rugs	Kids rugs
salami	1	recipe	calories	nutrition	brands	storage	price	types	origin	uses	substitute
sanrio	1	Sanrio characters	Sanrio store	Sanrio plush	Sanrio merch	Sanrio events	Sanrio history	Sanrio news	Sanrio collabs	Sanrio products	Sanrio updates
scented candles	1	Aromatic candles	Fragrant candles	Perfumed candles	Scented wax	Candle scents	Candle aromas	Scented lights	Candle fragrances	Aroma candles	Scented pillars
scone mix	1	Biscuit mix	Muffin mix	Cake mix	Bread mix	Pancake mix	Cookie mix	Brownie mix	Waffle mix	Dough mix	Pastry mix
scones	1	Scones recipe	Scones ingredients	Scones calories	Scones variations	Scones history	Scones toppings	Scones baking	Scones texture	Scones origin	Scones tips
sectional 4 piece	1	sectional sofa	modular couch	4-piece set	sectional furniture	modular seating	4-piece sectional	sectional lounge	modular sectional	4-piece couch	sectional set
sectional 5 piece	1	sectional sofa	modular couch	5-piece set	sectional furniture	modular sectional	5-piece sectional	sectional arrangement	modular seating	sectional configuration	5-piece couch
sectionals	1	Modular sofas	L-shaped couches	Corner sofas	Sectional sets	Reclining sectionals	U-shaped sofas	Sleeper sectionals	Leather sectionals	Fabric sectionals	Custom sectionals
selenium	1	Selenium tutorial	Selenium guide	Selenium examples	Selenium commands	Selenium setup	Selenium scripts	Selenium testing	Selenium framework	Selenium automation	Selenium tools
shelf	1	height	width	depth	material	color	weight	price	brand	style	capacity
shelf bracket	1	Wall mount	Shelf support	Bracket type	Load capacity	Material type	Installation guide	Adjustable bracket	Heavy-duty	Decorative bracket	Corner shelf
shelf furniture	1	Shelf unit	Book shelf	Wall shelf	Storage shelf	Display shelf	Corner shelf	Floating shelf	Wooden shelf	Metal shelf	Adjustable shelf
shelves	1	dimensions	material	weight	color	price	brand	style	capacity	warranty	assembly
shower curtain	1	Bath mat	Towel rack	Soap dish	Toilet brush	Shower caddy	Bathrobe hook	Toothbrush holder	Shower liner	Bath rug	Towel bar
side table	1	Coffee table	End table	Accent table	Sofa table	Bedside table	Console table	Hall table	Entry table	Lamp table	Nightstand
silverware	1	Silverware types	Silverware brands	Silverware sets	Silverware care	Silverware storage	Silverware history	Silverware materials	Silverware patterns	Silverware value	Silverware cleaning
sloth	1	Sloth diet	Sloth habitat	Sloth lifespan	Sloth speed	Sloth behavior	Sloth species	Sloth predators	Sloth sleep	Sloth size	Sloth facts
smock	1	jacket	coat	hoodie	vest	poncho	parka	blazer	anorak	cardigan	windbreaker
soap	1	price	benefits	brands	uses	reviews	types	ingredients	availability	alternatives	packaging
soap dish	1	Soap holder	Dish tray	Soap saver	Soap rack	Soap caddy	Soap container	Soap organizer	Soap plate	Soap cradle	Soap shelf
sofa	1	Couch	Loveseat	Sectional	Recliner	Futon	Divan	Settee	Chaise	Daybed	Ottoman
sofa bed	1	Couch sleeper	Futon bed	Sleeper sofa	Convertible couch	Pullout bed	Daybed sofa	Sofa sleeper	Bed couch	Foldout bed	Lounger bed
sofa pillow	1	Couch cushion	Lounge pillow	Sofa cushion	Seat pillow	Chair cushion	Recliner pillow	Divan cushion	Loveseat pillow	Bench cushion	Ottoman pillow
soup	1	Soup recipes	Soup types	Soup ingredients	Soup variations	Soup benefits	Soup calories	Soup history	Soup nutrition	Soup flavors	Soup origins
soup mix	1	Soup base	Broth mix	Stock powder	Bouillon blend	Instant soup	Flavor packet	Soup seasoning	Soup concentrate	Dehydrated soup	Soup powder
spatula	1	Spatula types	Spatula uses	Best spatula	Spatula material	Spatula size	Spatula brands	Spatula care	Spatula price	Spatula reviews	Spatula alternatives
spice	1	flavor	origin	benefits	uses	recipes	substitutes	storage	price	history	types
spices	1	flavor	benefits	recipes	uses	origin	substitutes	storage	price	types	nutrition
stocking	1	inventory	supply	levels	count	quantity	availability	stockpile	reserves	storage	surplus
stocking stuffer	1	Gift ideas	Small presents	Holiday treats	Mini gifts	Tiny surprises	Festive goodies	Little trinkets	Pocket gifts	Fun extras	Cute knickknacks
stocking stuffers	1	Gift ideas	Small presents	Holiday trinkets	Mini gifts	Tiny surprises	Festive treats	Little goodies	Pocket gifts	Fun extras	Cute knickknacks
stockings	1	Sheer stockings	Lace stockings	Fishnet stockings	Thigh-high stockings	Compression stockings	Patterned stockings	Opaque stockings	Silk stockings	Winter stockings	Designer stockings
stollen	1	Stollen recipe	Stollen ingredients	Stollen calories	Stollen origin	Stollen variations	Stollen history	Stollen nutrition	Stollen baking	Stollen tips	Stollen storage
storage basket	1	storage bin	storage box	storage container	storage crate	storage organizer	storage tub	storage caddy	storage tray	storage bucket	storage unit
storage furniture	1	Closet space	Wardrobe unit	Cabinet storage	Bookshelf unit	Drawer chest	Storage bench	Pantry cabinet	Shoe rack	Media console	Bed storage
stroopwafel	1	Stroopwafel recipe	Stroopwafel calories	Stroopwafel origin	Stroopwafel ingredients	Stroopwafel nutrition	Stroopwafel history	Stroopwafel brands	Stroopwafel variations	Stroopwafel storage	Stroopwafel toppings
sugar free syrup	1	Low-cal syrup	Zero-cal sweetener	Diet syrup	No-sugar syrup	Keto syrup	Light syrup	Healthy syrup	Slim syrup	Calorie-free syrup	Sugarless syrup
swedish	1	max	högsta	topp	gräns	maxvärde	maxnivå	maxbelopp	maxgräns	maxkapacitet	maxlängd
swivel chair	1	Office chair	Desk chair	Ergonomic chair	Task chair	Rolling chair	Computer chair	Adjustable chair	Work chair	Executive chair	Gaming chair
syrup	1	recipe	benefits	uses	calories	brands	ingredients	nutrition	substitute	storage	price
table	1	count	total	sum	average	median	mode	range	minimum	maximum	variance
table runner	1	table cloth	dining mat	table cover	table linen	table decor	table centerpiece	table overlay	table protector	table topper	table accessory
taper candle	1	Beeswax candle	Soy candle	Pillar candle	Scented candle	Votive candle	Tealight candle	Candle holder	Candle snuffer	Candle wick	Candle mold
taper candle holder	1	Candle stand	Wax holder	Pillar holder	Candle base	Candle plate	Candle tray	Candle pedestal	Candle mount	Candle socket	Candle cup
taper candles	1	Scented candles	Pillar candles	Votive candles	Beeswax candles	Soy candles	Candle holders	Candle sets	Candle molds	Candle wicks	Candle jars
tea infuser	1	Tea strainer	Tea filter	Tea ball	Tea basket	Tea sieve	Tea mesh	Tea holder	Tea steeper	Tea gadget	Tea tool
thanksgiving decorations	1	Fall decor	Harvest decor	Autumn decor	Turkey decor	Festive decor	Seasonal decor	Holiday decor	Pumpkin decor	Rustic decor	Cozy decor
throw	1	limit	cap	threshold	ceiling	peak	boundary	upper	extent	top	bound
throw blanket	1	Cozy throw	Soft blanket	Warm cover	Fleece throw	Plush blanket	Snug throw	Knit blanket	Sherpa throw	Wool blanket	Comfy throw
throw pillow	1	Cushion cover	Sofa pillow	Bed pillow	Decorative cushion	Accent pillow	Lounge pillow	Couch cushion	Floor pillow	Seat cushion	Pillow insert
throw pillows	1	Decorative cushions	Sofa pillows	Couch cushions	Accent pillows	Bed pillows	Lounge cushions	Floor pillows	Patio cushions	Chair pillows	Plush cushions
tissue paper	1	Paper towels	Napkin rolls	Facial tissues	Toilet paper	Cleaning wipes	Kitchen towels	Hand tissues	Wet wipes	Paper napkins	Disposable tissues
toblerone	1	Toblerone price	Toblerone calories	Toblerone ingredients	Toblerone history	Toblerone flavors	Toblerone size	Toblerone origin	Toblerone nutrition	Toblerone packaging	Toblerone reviews
torani	1	Torani flavors	Torani syrup	Torani recipes	Torani drinks	Torani coffee	Torani cocktails	Torani uses	Torani ingredients	Torani reviews	Torani nutrition
towels	1	Bath towels	Beach towels	Hand towels	Kitchen towels	Gym towels	Spa towels	Pool towels	Travel towels	Baby towels	Pet towels
toys	1	Best toys	Top toys	Popular toys	New toys	Toy trends	Toy deals	Toy reviews	Toy brands	Toy sales	Toy gifts
toys and games	1	Best toys	Fun games	Top toys	Popular games	Kids toys	Family games	New toys	Classic games	Educational toys	Party games
transformer	1	Transformer efficiency	Transformer capacity	Transformer types	Transformer design	Transformer applications	Transformer maintenance	Transformer lifespan	Transformer safety	Transformer cost	Transformer installation
trash can	1	Garbage bin	Waste container	Rubbish bin	Trash receptacle	Refuse bin	Litter bin	Wastebasket	Debris bin	Junk bin	Disposal bin
tray	1	holder	organizer	container	storage	rack	shelf	stand	bin	caddy	box
tree collar	1	Tree guard	Plant protector	Bark shield	Trunk wrap	Tree wrap	Tree protector	Bark cover	Tree sleeve	Tree band	Tree barrier
tree skirt	1	Christmas tree	Holiday decor	Festive skirt	Tree base	Skirt pattern	Tree cover	Seasonal skirt	Tree mat	Skirt design	Tree wrap
truffle	1	Truffle recipe	Truffle price	Truffle types	Truffle uses	Truffle hunting	Truffle oil	Truffle pasta	Truffle chocolate	Truffle season	Truffle storage
turkey brine	1	Chicken brine	Pork brine	Beef brine	Fish brine	Duck brine	Ham brine	Lamb brine	Tofu brine	Shrimp brine	Venison brine
twig flatware	1	twig cutlery	twig utensils	twig spoons	twig forks	twig knives	twig tableware	twig silverware	twig dining	twig set	twig service
unicorn	1	Unicorn facts	Unicorn myths	Unicorn history	Unicorn symbolism	Unicorn legends	Unicorn sightings	Unicorn origins	Unicorn meaning	Unicorn folklore	Unicorn stories
upholstered bed	1	Velvet bed	Tufted bed	Fabric bed	Padded bed	Cushioned bed	Linen bed	Plush bed	Soft bed	Cozy bed	Quilted bed
upholstered furtniture 0	1	Leather sofa	Velvet chair	Fabric couch	Suede recliner	Linen loveseat	Microfiber ottoman	Chenille bench	Tweed sectional	Wool armchair	Silk chaise
vase	1	height	color	material	design	price	weight	origin	brand	style	size
velvet bed	1	Silk sheets	Satin pillow	Plush mattress	Velvet duvet	Cashmere blanket	Linen cover	Cotton quilt	Wool comforter	Fleece throw	Bamboo bedding
velvet pillow	1	Silk cushion	Satin pillow	Plush cushion	Velvet cushion	Silk pillow	Satin cushion	Plush pillow	Velvet bolster	Silk bolster	Satin bolster
velvet throw pillow	1	Silk cushion	Linen pillow	Cotton bolster	Wool cushion	Satin pillow	Velvet cushion	Plush pillow	Faux fur pillow	Suede cushion	Microfiber pillow
wall decor	1	Art prints	Canvas paintings	Wall hangings	Photo frames	Tapestry designs	Metal sculptures	Wooden signs	Wall stickers	Decorative mirrors	Fabric panels
wine glasses	1	Wine tumblers	Stemless glasses	Red wine	White wine	Crystal glasses	Glass sets	Wine goblets	Elegant glasses	Wine flutes	Glassware
wine rack	1	Wine storage	Bottle holder	Wine organizer	Wine shelf	Wine display	Wine cabinet	Wine stand	Wine caddy	Wine crate	Wine unit
womens clothing	1	Women's dresses	Ladies' tops	Women's skirts	Women's pants	Women's jackets	Women's blouses	Women's jeans	Women's shorts	Women's sweaters	Women's coats
wood chair	1	Oak chair	Pine chair	Maple chair	Teak chair	Birch chair	Cedar chair	Walnut chair	Bamboo chair	Ash chair	Cherry chair
wood furniture 0	1	Wooden chairs	Oak tables	Pine cabinets	Maple desks	Teak shelves	Cedar benches	Birch dressers	Walnut stools	Mahogany beds	Cherry armoires
wood lighting	1	Timber lamps	Wooden lights	Oak fixtures	Pine lighting	Birch lamps	Maple lights	Rustic lighting	Cedar fixtures	Walnut lamps	Teak lights
woven rug	1	Handcrafted carpet	Knitted mat	Braided runner	Loomed tapestry	Woven mat	Handmade rug	Textile floor	Fabric runner	Artisan carpet	Crafted rug
wreath	1	Wreath size	Wreath types	Wreath materials	Wreath colors	Wreath styles	Wreath designs	Wreath prices	Wreath trends	Wreath care	Wreath uses
